age,niveau_etudes,specialite,annees_experience,postes_occupes,secteur_precedent,score_test_technique,score_softskills,langues_parlees,mobilite,disponibilite_immediate,performant_apres_6_mois
44.0,Licence,RH,20.0,Junior,Tech,69.0,8.0,2.0,0.0,0.0,1.0
47.0,Doctorat,Design,23.0,Junior,Banque,66.0,,2.0,1.0,1.0,0.0
25.0,Master,Marketing,0.0,Intermédiaire,Tech,57.0,52.0,1.0,1.0,0.0,1.0
39.0,Master,Ingénierie,13.0,Senior,Education,98.0,17.0,1.0,0.0,0.0,1.0
27.0,Licence,Informatique,4.0,Junior,Tech,81.0,42.0,,0.0,0.0,0.0
43.0,Licence,,21.0,Manager,Tech,74.0,34.0,1.0,0.0,0.0,1.0
36.0,Licence,Design,10.0,Junior,Banque,83.0,62.0,2.0,1.0,1.0,0.0
43.0,Master,Design,18.0,Junior,Education,63.0,97.0,1.0,0.0,1.0,1.0
33.0,Master,Informatique,11.0,Senior,Industrie,68.0,77.0,1.0,0.0,1.0,1.0
39.0,Master,Finance,15.0,Senior,Industrie,82.0,3.0,2.0,0.0,0.0,1.0
51.0,Licence,Informatique,28.0,,Santé,85.0,,1.0,0.0,0.0,1.0
45.0,Doctorat,RH,21.0,Intermédiaire,Service,58.0,40.0,1.0,0.0,,0.0
51.0,Master,Marketing,26.0,Intermédiaire,Tech,59.0,44.0,1.0,0.0,0.0,1.0
35.0,,Finance,13.0,Junior,Santé,82.0,49.0,3.0,1.0,1.0,1.0
27.0,Licence,Informatique,2.0,Senior,Banque,61.0,78.0,2.0,1.0,1.0,0.0
24.0,Licence,Ingénierie,2.0,Junior,Industrie,15.0,27.0,2.0,1.0,0.0,1.0
,Licence,Finance,11.0,Manager,Tech,87.0,41.0,1.0,0.0,0.0,1.0
28.0,Licence,Finance,5.0,Manager,Banque,67.0,79.0,2.0,0.0,0.0,0.0
35.0,Licence,Informatique,9.0,Senior,Service,14.0,75.0,1.0,0.0,0.0,0.0
30.0,Licence,Finance,4.0,Senior,Banque,88.0,68.0,1.0,0.0,0.0,0.0
36.0,Master,Ingénierie,11.0,Manager,Tech,,97.0,1.0,1.0,0.0,1.0
42.0,Licence,Design,19.0,Senior,,34.0,0.0,1.0,,0.0,1.0
23.0,Licence,Finance,1.0,Intermédiaire,Banque,54.0,38.0,1.0,0.0,0.0,1.0
48.0,Licence,Design,26.0,Intermédiaire,Service,13.0,95.0,1.0,1.0,0.0,1.0
23.0,,Ingénierie,0.0,Senior,Tech,48.0,89.0,1.0,1.0,0.0,1.0
39.0,Master,Informatique,17.0,Manager,Tech,,16.0,1.0,0.0,1.0,
35.0,Licence,,10.0,Junior,Service,99.0,90.0,,0.0,0.0,0.0
41.0,Licence,,15.0,Senior,Education,6.0,87.0,1.0,0.0,,1.0
39.0,Master,Marketing,13.0,Senior,Santé,29.0,34.0,2.0,0.0,,1.0
31.0,Licence,Ingénierie,5.0,Junior,Banque,82.0,45.0,,0.0,0.0,1.0
46.0,Master,Finance,23.0,Senior,Banque,48.0,41.0,2.0,0.0,0.0,1.0
23.0,Licence,Design,1.0,Junior,Education,88.0,38.0,1.0,1.0,0.0,
46.0,Licence,RH,21.0,Manager,Education,15.0,89.0,1.0,0.0,1.0,1.0
54.0,Doctorat,Marketing,31.0,Intermédiaire,Education,50.0,48.0,1.0,0.0,0.0,
52.0,Doctorat,Finance,28.0,Manager,Industrie,,61.0,2.0,0.0,1.0,1.0
35.0,Master,Marketing,10.0,Intermédiaire,Industrie,81.0,37.0,2.0,0.0,1.0,0.0
22.0,Licence,Finance,0.0,Junior,Service,91.0,22.0,1.0,,0.0,1.0
37.0,,Informatique,12.0,Intermédiaire,Industrie,79.0,21.0,1.0,0.0,0.0,0.0
24.0,,Design,0.0,Manager,Tech,82.0,3.0,2.0,0.0,1.0,0.0
27.0,Licence,Marketing,2.0,Intermédiaire,Service,41.0,48.0,2.0,0.0,0.0,0.0
46.0,Licence,RH,24.0,Junior,Banque,16.0,58.0,1.0,1.0,1.0,1.0
34.0,Licence,RH,9.0,Intermédiaire,Santé,,72.0,1.0,0.0,0.0,0.0
29.0,Licence,Ingénierie,3.0,Senior,Tech,44.0,67.0,1.0,1.0,0.0,1.0
42.0,Doctorat,Finance,,Manager,Banque,76.0,70.0,2.0,0.0,0.0,1.0
25.0,Licence,Marketing,1.0,,Banque,6.0,86.0,1.0,0.0,0.0,0.0
46.0,Master,Ingénierie,,Junior,Service,26.0,1.0,4.0,0.0,1.0,0.0
36.0,Licence,Marketing,10.0,Intermédiaire,Education,9.0,48.0,1.0,1.0,0.0,1.0
25.0,Licence,,3.0,Senior,Education,33.0,87.0,1.0,1.0,1.0,1.0
33.0,Licence,RH,11.0,Senior,Tech,35.0,94.0,1.0,,0.0,1.0
53.0,Licence,Informatique,30.0,Intermédiaire,Education,24.0,30.0,3.0,0.0,0.0,1.0
53.0,Doctorat,RH,27.0,Intermédiaire,Banque,5.0,39.0,2.0,0.0,0.0,0.0
49.0,Master,Ingénierie,24.0,Manager,Education,23.0,47.0,1.0,0.0,0.0,0.0
34.0,Doctorat,Design,8.0,Senior,Industrie,17.0,50.0,2.0,,0.0,0.0
52.0,Master,Informatique,29.0,Senior,Education,,42.0,1.0,1.0,0.0,1.0
35.0,Master,Ingénierie,9.0,Junior,,5.0,97.0,1.0,1.0,1.0,1.0
41.0,Doctorat,Finance,15.0,Manager,Service,28.0,54.0,1.0,0.0,0.0,1.0
39.0,Licence,,16.0,Junior,Tech,24.0,87.0,1.0,0.0,0.0,0.0
50.0,Licence,Ingénierie,28.0,Senior,Santé,54.0,48.0,1.0,1.0,1.0,0.0
27.0,Licence,Finance,2.0,Junior,Education,80.0,89.0,3.0,1.0,1.0,0.0
53.0,Licence,RH,30.0,Senior,Banque,45.0,79.0,1.0,0.0,0.0,1.0
50.0,Licence,Design,26.0,Senior,Santé,23.0,56.0,3.0,0.0,0.0,0.0
23.0,Licence,Finance,1.0,Junior,,74.0,76.0,1.0,0.0,1.0,1.0
44.0,Master,Marketing,20.0,Junior,Industrie,25.0,14.0,2.0,0.0,0.0,1.0
,Licence,Finance,,Intermédiaire,Santé,97.0,26.0,1.0,0.0,,1.0
52.0,Licence,Finance,27.0,Intermédiaire,Service,27.0,67.0,1.0,0.0,0.0,1.0
26.0,Licence,Design,1.0,Intermédiaire,Banque,2.0,79.0,1.0,0.0,1.0,1.0
,Licence,Marketing,14.0,Senior,Banque,74.0,63.0,1.0,0.0,0.0,1.0
31.0,Master,Ingénierie,7.0,Junior,Education,37.0,93.0,2.0,0.0,1.0,1.0
46.0,Licence,Ingénierie,24.0,Manager,Education,60.0,29.0,1.0,0.0,0.0,1.0
23.0,Doctorat,Finance,,Senior,Education,77.0,35.0,2.0,1.0,1.0,1.0
32.0,Master,Marketing,9.0,Manager,Service,50.0,66.0,1.0,1.0,0.0,1.0
52.0,,Marketing,27.0,Junior,Santé,89.0,85.0,1.0,0.0,0.0,1.0
36.0,Licence,Design,13.0,Senior,Santé,47.0,85.0,1.0,,1.0,1.0
30.0,Master,RH,8.0,Manager,Industrie,20.0,48.0,3.0,1.0,0.0,
44.0,Master,Ingénierie,19.0,Manager,Service,53.0,75.0,2.0,0.0,0.0,1.0
40.0,Master,,15.0,Intermédiaire,Education,55.0,54.0,1.0,0.0,0.0,0.0
30.0,Master,Informatique,8.0,Intermédiaire,Tech,93.0,84.0,1.0,0.0,0.0,0.0
42.0,Licence,Ingénierie,17.0,,Industrie,58.0,55.0,1.0,,0.0,1.0
30.0,Licence,Design,7.0,Senior,Tech,,67.0,4.0,0.0,1.0,1.0
49.0,Licence,Ingénierie,24.0,Junior,Santé,50.0,94.0,2.0,1.0,0.0,1.0
28.0,Master,RH,4.0,Junior,Industrie,19.0,43.0,1.0,0.0,0.0,1.0
37.0,Master,Informatique,11.0,Intermédiaire,Industrie,95.0,30.0,1.0,0.0,0.0,1.0
37.0,Licence,RH,14.0,Intermédiaire,Banque,85.0,57.0,1.0,1.0,1.0,1.0
54.0,Licence,Informatique,30.0,Intermédiaire,Santé,58.0,86.0,3.0,0.0,1.0,0.0
25.0,Licence,Finance,3.0,Manager,Santé,70.0,,1.0,0.0,0.0,1.0
25.0,Licence,Design,2.0,Intermédiaire,Service,,83.0,2.0,0.0,0.0,1.0
38.0,Master,Informatique,12.0,Manager,Industrie,0.0,78.0,1.0,0.0,1.0,0.0
50.0,Master,RH,24.0,Junior,Santé,28.0,22.0,2.0,0.0,0.0,
28.0,Master,Ingénierie,6.0,Senior,Industrie,62.0,27.0,2.0,0.0,1.0,1.0
48.0,Licence,Informatique,,Senior,Service,71.0,15.0,2.0,0.0,1.0,0.0
49.0,,Design,26.0,Senior,Service,55.0,36.0,2.0,0.0,,0.0
43.0,Master,Informatique,18.0,Senior,Banque,67.0,,2.0,0.0,0.0,1.0
,Master,Marketing,13.0,Manager,Industrie,34.0,78.0,1.0,0.0,1.0,1.0
28.0,Master,Ingénierie,3.0,Manager,,,,1.0,0.0,1.0,0.0
43.0,Master,Design,19.0,Intermédiaire,Santé,,36.0,1.0,0.0,0.0,0.0
26.0,Licence,Design,0.0,Manager,Industrie,26.0,76.0,4.0,0.0,0.0,1.0
23.0,Licence,Finance,0.0,Intermédiaire,Industrie,0.0,18.0,1.0,1.0,0.0,1.0
48.0,,RH,22.0,Intermédiaire,Industrie,90.0,29.0,2.0,0.0,0.0,1.0
42.0,Licence,Finance,17.0,Senior,Education,79.0,44.0,,0.0,0.0,0.0
36.0,Licence,Design,12.0,Manager,Santé,70.0,17.0,1.0,1.0,0.0,1.0
42.0,Licence,,20.0,,,43.0,77.0,1.0,0.0,0.0,1.0
31.0,Master,Informatique,7.0,Intermédiaire,Santé,,61.0,,0.0,,0.0
44.0,Licence,Informatique,22.0,Intermédiaire,Education,40.0,35.0,1.0,1.0,0.0,1.0
26.0,Licence,Ingénierie,4.0,Junior,Industrie,74.0,99.0,1.0,1.0,1.0,1.0
22.0,Doctorat,Design,0.0,Junior,Banque,41.0,83.0,1.0,0.0,,1.0
34.0,Licence,Informatique,10.0,Intermédiaire,Industrie,32.0,51.0,2.0,0.0,0.0,1.0
42.0,Licence,Informatique,17.0,Junior,Industrie,49.0,18.0,3.0,0.0,0.0,
47.0,Master,Informatique,23.0,Junior,Education,62.0,43.0,1.0,1.0,0.0,1.0
42.0,Licence,RH,16.0,Intermédiaire,Santé,99.0,,,0.0,1.0,1.0
39.0,Licence,RH,17.0,Intermédiaire,Industrie,36.0,43.0,1.0,0.0,1.0,1.0
53.0,Licence,Marketing,27.0,Manager,Santé,58.0,67.0,2.0,1.0,1.0,0.0
38.0,Licence,Finance,15.0,Intermédiaire,Tech,80.0,33.0,2.0,0.0,0.0,1.0
32.0,Doctorat,Ingénierie,,Intermédiaire,Service,98.0,65.0,1.0,1.0,1.0,0.0
42.0,Master,Ingénierie,17.0,Senior,Santé,47.0,68.0,1.0,0.0,0.0,1.0
47.0,Master,,21.0,Manager,Banque,4.0,54.0,2.0,0.0,1.0,0.0
25.0,Master,Marketing,0.0,Manager,Service,47.0,,2.0,0.0,0.0,1.0
39.0,Master,RH,14.0,Manager,Banque,95.0,95.0,1.0,1.0,1.0,0.0
50.0,Licence,Design,27.0,Senior,Industrie,2.0,41.0,2.0,0.0,,0.0
,Master,,25.0,Intermédiaire,Service,46.0,40.0,1.0,0.0,1.0,1.0
42.0,Licence,Marketing,19.0,Manager,Santé,61.0,76.0,1.0,0.0,1.0,1.0
34.0,Master,Design,12.0,Manager,Service,98.0,68.0,2.0,1.0,0.0,1.0
38.0,Master,Ingénierie,12.0,,Industrie,13.0,9.0,2.0,1.0,0.0,1.0
30.0,Licence,Finance,5.0,Manager,Education,62.0,9.0,1.0,0.0,1.0,0.0
22.0,Licence,,0.0,Intermédiaire,Banque,60.0,90.0,3.0,0.0,0.0,1.0
23.0,Licence,RH,0.0,Intermédiaire,Industrie,30.0,59.0,1.0,1.0,,
50.0,Licence,,25.0,Junior,Education,94.0,50.0,2.0,0.0,0.0,0.0
54.0,Master,Marketing,32.0,Manager,,16.0,20.0,1.0,0.0,0.0,1.0
31.0,Master,RH,9.0,Manager,Service,23.0,7.0,,0.0,0.0,1.0
42.0,Licence,Ingénierie,18.0,Manager,Industrie,22.0,64.0,3.0,1.0,0.0,1.0
49.0,Licence,Design,26.0,Senior,Santé,81.0,91.0,1.0,0.0,0.0,
32.0,Licence,Ingénierie,7.0,Manager,Service,49.0,,3.0,0.0,0.0,
29.0,Licence,Marketing,6.0,,Santé,77.0,84.0,2.0,0.0,1.0,0.0
43.0,,Ingénierie,21.0,Intermédiaire,Santé,78.0,29.0,2.0,0.0,1.0,0.0
29.0,Licence,Design,6.0,Senior,Santé,78.0,84.0,1.0,0.0,1.0,1.0
36.0,Doctorat,Finance,14.0,Senior,Tech,69.0,48.0,,0.0,0.0,0.0
38.0,Licence,Marketing,15.0,Manager,Education,26.0,8.0,2.0,0.0,1.0,0.0
44.0,Licence,Finance,,Junior,,14.0,16.0,1.0,0.0,0.0,1.0
45.0,Master,Informatique,19.0,Senior,Service,49.0,68.0,3.0,0.0,0.0,1.0
40.0,Licence,Finance,16.0,Senior,Service,35.0,57.0,,1.0,1.0,0.0
26.0,Doctorat,,2.0,Manager,Santé,7.0,56.0,1.0,,1.0,1.0
53.0,Doctorat,Informatique,27.0,Manager,Tech,78.0,61.0,1.0,1.0,1.0,1.0
22.0,Licence,Finance,0.0,Senior,Santé,2.0,94.0,1.0,0.0,1.0,0.0
,Licence,Marketing,19.0,Junior,Tech,61.0,51.0,,0.0,0.0,1.0
29.0,Licence,Design,4.0,,Santé,46.0,60.0,1.0,0.0,0.0,1.0
34.0,Licence,Ingénierie,10.0,Manager,Banque,76.0,,3.0,1.0,1.0,1.0
29.0,Licence,Ingénierie,5.0,Manager,Banque,97.0,37.0,1.0,,0.0,1.0
44.0,Master,Design,22.0,Senior,Industrie,87.0,42.0,1.0,1.0,0.0,0.0
22.0,Licence,Informatique,0.0,Junior,Santé,95.0,62.0,1.0,0.0,1.0,1.0
45.0,Licence,Informatique,20.0,Senior,Service,60.0,18.0,1.0,0.0,1.0,1.0
,Licence,Marketing,20.0,Senior,Education,31.0,250.0,3.0,0.0,0.0,1.0
38.0,Doctorat,RH,16.0,Manager,Industrie,93.0,49.0,2.0,0.0,1.0,1.0
26.0,Licence,Finance,4.0,Junior,Service,12.0,32.0,2.0,0.0,1.0,1.0
41.0,Licence,Informatique,18.0,Intermédiaire,Banque,0.0,12.0,1.0,1.0,,0.0
42.0,Licence,Ingénierie,19.0,Junior,Santé,33.0,77.0,1.0,0.0,0.0,0.0
52.0,Doctorat,Marketing,30.0,Senior,,61.0,96.0,1.0,0.0,0.0,0.0
,Licence,Finance,9.0,Senior,Santé,78.0,61.0,1.0,0.0,0.0,1.0
36.0,Master,Marketing,10.0,Senior,Banque,77.0,92.0,1.0,,0.0,0.0
40.0,Master,Finance,15.0,Junior,Industrie,92.0,42.0,,0.0,0.0,1.0
28.0,Licence,Finance,3.0,Manager,Banque,,48.0,1.0,0.0,0.0,
49.0,Master,Design,27.0,Senior,Tech,81.0,35.0,2.0,1.0,0.0,1.0
26.0,Licence,Informatique,2.0,Senior,Banque,70.0,9.0,1.0,0.0,1.0,0.0
26.0,Master,Marketing,4.0,Junior,Santé,92.0,94.0,1.0,0.0,,1.0
51.0,Master,Marketing,28.0,Intermédiaire,Education,30.0,5.0,2.0,0.0,1.0,1.0
53.0,Licence,Design,29.0,Intermédiaire,Banque,-50.0,56.0,1.0,0.0,1.0,1.0
29.0,Licence,Ingénierie,6.0,Manager,Service,24.0,0.0,2.0,1.0,0.0,1.0
31.0,Master,Ingénierie,5.0,Manager,Education,37.0,70.0,2.0,1.0,1.0,1.0
,Licence,Informatique,30.0,Senior,Tech,13.0,57.0,1.0,0.0,0.0,
49.0,Licence,Informatique,23.0,Junior,Industrie,7.0,90.0,3.0,,0.0,0.0
38.0,Licence,RH,12.0,Senior,Industrie,999.0,20.0,1.0,0.0,1.0,0.0
,Master,Design,29.0,Manager,Education,53.0,91.0,1.0,0.0,0.0,1.0
29.0,Master,Ingénierie,6.0,Junior,,1.0,79.0,2.0,0.0,1.0,1.0
46.0,Licence,Finance,20.0,Junior,Banque,,55.0,1.0,,0.0,1.0
30.0,Licence,Marketing,6.0,Manager,Education,100.0,86.0,2.0,0.0,1.0,0.0
23.0,Licence,Informatique,0.0,Intermédiaire,Santé,77.0,19.0,2.0,1.0,0.0,1.0
36.0,,Marketing,11.0,Intermédiaire,Banque,88.0,53.0,3.0,0.0,1.0,0.0
,Licence,Marketing,0.0,Junior,Banque,55.0,24.0,1.0,0.0,,0.0
25.0,Master,RH,1.0,Senior,Banque,93.0,27.0,1.0,0.0,1.0,0.0
,Licence,Ingénierie,10.0,Intermédiaire,Santé,92.0,4.0,2.0,,1.0,0.0
46.0,Doctorat,,24.0,Senior,Tech,83.0,20.0,1.0,0.0,0.0,0.0
31.0,Licence,Marketing,9.0,Intermédiaire,Service,84.0,17.0,1.0,0.0,1.0,1.0
42.0,Licence,Informatique,18.0,Intermédiaire,Industrie,60.0,46.0,1.0,0.0,0.0,0.0
33.0,Licence,Finance,7.0,,Education,21.0,69.0,1.0,1.0,1.0,1.0
120.0,Doctorat,RH,25.0,Manager,Tech,,56.0,1.0,0.0,0.0,0.0
23.0,Master,Finance,0.0,Intermédiaire,Education,100.0,92.0,2.0,1.0,1.0,1.0
34.0,Licence,Informatique,9.0,Intermédiaire,Industrie,15.0,18.0,2.0,1.0,1.0,1.0
53.0,Master,Informatique,28.0,Senior,Santé,,96.0,1.0,1.0,0.0,0.0
52.0,Master,Ingénierie,30.0,Manager,Banque,42.0,64.0,1.0,0.0,0.0,1.0
37.0,Master,Marketing,12.0,,Banque,16.0,2.0,1.0,0.0,0.0,1.0
53.0,Licence,Marketing,29.0,Intermédiaire,Santé,79.0,41.0,2.0,0.0,1.0,1.0
53.0,Licence,Finance,28.0,Manager,Tech,57.0,20.0,1.0,1.0,0.0,0.0
32.0,Licence,RH,8.0,Intermédiaire,Tech,1.0,,2.0,0.0,0.0,1.0
31.0,Master,Design,8.0,Manager,Education,3.0,39.0,,0.0,1.0,1.0
36.0,Doctorat,Marketing,14.0,,Santé,84.0,66.0,2.0,0.0,0.0,0.0
38.0,Master,Ingénierie,13.0,Senior,Tech,38.0,24.0,1.0,0.0,1.0,1.0
39.0,Licence,Finance,15.0,Junior,Santé,97.0,54.0,2.0,0.0,0.0,1.0
30.0,Licence,Finance,4.0,Manager,Industrie,93.0,83.0,1.0,0.0,0.0,1.0
46.0,Master,Design,24.0,,Banque,5.0,51.0,2.0,0.0,1.0,1.0
35.0,Master,Ingénierie,12.0,Junior,Banque,80.0,43.0,1.0,1.0,0.0,1.0
46.0,Master,RH,22.0,Intermédiaire,Banque,88.0,97.0,2.0,0.0,0.0,0.0
43.0,Master,Ingénierie,20.0,Junior,Santé,68.0,84.0,,0.0,1.0,1.0
51.0,Master,RH,28.0,Manager,Santé,68.0,55.0,1.0,0.0,0.0,1.0
41.0,Licence,Ingénierie,16.0,Manager,Education,19.0,54.0,2.0,0.0,1.0,0.0
42.0,Licence,Ingénierie,17.0,Manager,Banque,63.0,86.0,1.0,1.0,1.0,0.0
53.0,Master,Informatique,29.0,Manager,Education,15.0,69.0,1.0,0.0,0.0,
42.0,,Finance,16.0,Manager,Banque,50.0,76.0,1.0,0.0,0.0,1.0
53.0,Licence,Ingénierie,29.0,Senior,Education,36.0,86.0,1.0,0.0,1.0,
51.0,Licence,Design,25.0,Manager,Education,72.0,,,1.0,0.0,1.0
33.0,Master,Ingénierie,10.0,Senior,Industrie,68.0,80.0,2.0,0.0,0.0,0.0
39.0,Licence,Marketing,17.0,Intermédiaire,,41.0,65.0,1.0,1.0,1.0,1.0
42.0,Licence,Finance,18.0,Manager,Santé,56.0,,1.0,0.0,0.0,1.0
34.0,Licence,Marketing,10.0,Manager,Education,65.0,82.0,2.0,0.0,1.0,1.0
42.0,Master,Finance,16.0,Junior,Banque,8.0,6.0,3.0,0.0,0.0,1.0
29.0,Master,Marketing,6.0,Intermédiaire,Education,99.0,62.0,1.0,1.0,0.0,1.0
28.0,Licence,Ingénierie,,Manager,Tech,85.0,41.0,3.0,0.0,0.0,1.0
44.0,Master,Ingénierie,18.0,Manager,Service,-50.0,41.0,1.0,1.0,1.0,0.0
53.0,Licence,Informatique,30.0,Intermédiaire,Banque,85.0,58.0,1.0,0.0,1.0,0.0
32.0,Licence,Design,7.0,Senior,Tech,21.0,19.0,2.0,0.0,1.0,1.0
43.0,Master,Marketing,21.0,Manager,Banque,33.0,72.0,1.0,0.0,0.0,
43.0,Master,RH,19.0,Junior,Santé,,16.0,1.0,1.0,0.0,1.0
46.0,Master,Informatique,24.0,Manager,Service,28.0,26.0,1.0,0.0,0.0,0.0
43.0,Master,Marketing,19.0,Junior,Service,,46.0,2.0,1.0,0.0,0.0
49.0,Master,Marketing,24.0,Junior,Santé,96.0,,,1.0,0.0,0.0
50.0,Licence,Informatique,27.0,Manager,Service,17.0,62.0,1.0,1.0,1.0,1.0
34.0,Licence,Ingénierie,8.0,Manager,Santé,70.0,61.0,1.0,0.0,0.0,
39.0,Licence,Marketing,14.0,Junior,Tech,64.0,99.0,1.0,0.0,1.0,1.0
23.0,Licence,Ingénierie,1.0,Intermédiaire,Industrie,96.0,18.0,1.0,1.0,0.0,1.0
50.0,Doctorat,Informatique,24.0,Intermédiaire,Banque,0.0,16.0,1.0,0.0,1.0,1.0
42.0,Licence,Ingénierie,19.0,Manager,Santé,87.0,68.0,2.0,0.0,0.0,1.0
36.0,Master,Finance,11.0,,,3.0,38.0,1.0,0.0,0.0,0.0
48.0,Master,RH,22.0,Intermédiaire,Tech,3.0,81.0,1.0,0.0,0.0,1.0
52.0,Master,Marketing,27.0,Manager,Industrie,81.0,70.0,1.0,0.0,0.0,0.0
36.0,Licence,Design,11.0,Intermédiaire,Tech,26.0,80.0,1.0,0.0,0.0,0.0
44.0,Master,RH,21.0,Senior,Service,42.0,38.0,3.0,0.0,0.0,1.0
45.0,Licence,Ingénierie,21.0,Manager,Banque,58.0,35.0,1.0,0.0,0.0,1.0
34.0,Licence,Marketing,,Senior,Industrie,31.0,,1.0,0.0,1.0,1.0
43.0,Master,Ingénierie,20.0,Manager,Service,32.0,44.0,1.0,,1.0,
,Licence,Finance,,Senior,Industrie,,3.0,1.0,0.0,1.0,1.0
24.0,,Informatique,1.0,Intermédiaire,Service,54.0,24.0,1.0,,,1.0
40.0,Master,Marketing,16.0,Intermédiaire,Tech,99.0,68.0,1.0,0.0,1.0,1.0
44.0,Licence,Finance,18.0,Senior,Santé,59.0,29.0,1.0,0.0,0.0,1.0
50.0,Doctorat,Finance,26.0,Senior,Banque,69.0,75.0,1.0,0.0,0.0,1.0
51.0,Doctorat,Marketing,29.0,Senior,Education,61.0,67.0,,1.0,,0.0
,Doctorat,Ingénierie,20.0,Manager,Education,79.0,87.0,1.0,0.0,0.0,0.0
29.0,Licence,Design,5.0,Intermédiaire,Tech,33.0,28.0,3.0,1.0,0.0,1.0
37.0,Licence,Finance,12.0,Manager,Banque,86.0,72.0,1.0,0.0,0.0,0.0
29.0,Doctorat,RH,3.0,Intermédiaire,Banque,87.0,67.0,1.0,0.0,0.0,1.0
22.0,Licence,Finance,0.0,Junior,Tech,55.0,50.0,1.0,,1.0,0.0
26.0,Doctorat,Design,3.0,Manager,Banque,12.0,23.0,1.0,0.0,1.0,0.0
24.0,Doctorat,Ingénierie,0.0,Intermédiaire,Santé,55.0,13.0,2.0,0.0,1.0,1.0
22.0,Master,Ingénierie,0.0,Intermédiaire,Tech,17.0,68.0,1.0,0.0,1.0,1.0
25.0,Licence,RH,,Manager,Santé,53.0,,2.0,,,0.0
53.0,Licence,Finance,30.0,Manager,Banque,150.0,41.0,1.0,0.0,1.0,1.0
200.0,Master,Ingénierie,22.0,Intermédiaire,Tech,100.0,56.0,1.0,0.0,1.0,1.0
31.0,Licence,Design,9.0,Manager,Banque,42.0,82.0,2.0,1.0,0.0,0.0
42.0,,Marketing,20.0,Senior,Tech,38.0,11.0,1.0,0.0,0.0,1.0
48.0,Master,,22.0,Manager,Banque,60.0,81.0,1.0,,1.0,1.0
48.0,Doctorat,Informatique,26.0,Manager,Santé,,16.0,1.0,0.0,0.0,1.0
23.0,Master,Informatique,0.0,Manager,,80.0,29.0,2.0,0.0,1.0,1.0
34.0,Master,Finance,9.0,Intermédiaire,Banque,78.0,87.0,1.0,1.0,0.0,0.0
30.0,Licence,RH,5.0,Senior,Tech,17.0,74.0,2.0,0.0,0.0,0.0
43.0,Master,Ingénierie,17.0,Junior,Education,22.0,98.0,1.0,0.0,0.0,1.0
47.0,Doctorat,Marketing,23.0,Junior,Santé,53.0,22.0,2.0,,0.0,1.0
33.0,Licence,Design,9.0,Senior,Santé,29.0,80.0,1.0,0.0,1.0,1.0
38.0,Licence,Marketing,16.0,Senior,Service,97.0,0.0,2.0,0.0,1.0,1.0
35.0,Master,Design,11.0,Senior,Education,57.0,78.0,1.0,1.0,0.0,0.0
35.0,Master,Finance,12.0,Intermédiaire,Banque,67.0,31.0,3.0,0.0,0.0,1.0
41.0,Master,,19.0,Junior,Tech,66.0,8.0,1.0,0.0,1.0,0.0
32.0,Master,Finance,9.0,Senior,Service,70.0,400.0,1.0,0.0,1.0,0.0
37.0,Licence,RH,11.0,Intermédiaire,Banque,17.0,27.0,1.0,0.0,0.0,0.0
52.0,Licence,RH,27.0,Junior,,6.0,23.0,1.0,0.0,0.0,1.0
27.0,Master,Design,1.0,Manager,Santé,39.0,59.0,1.0,1.0,1.0,0.0
40.0,Master,Ingénierie,15.0,Intermédiaire,Industrie,69.0,34.0,3.0,0.0,1.0,1.0
25.0,Master,Ingénierie,0.0,Junior,Santé,85.0,85.0,3.0,1.0,0.0,
25.0,Doctorat,Design,1.0,Intermédiaire,Santé,64.0,26.0,1.0,1.0,0.0,1.0
41.0,Licence,RH,18.0,Junior,Industrie,67.0,82.0,3.0,0.0,,1.0
31.0,Licence,RH,6.0,Junior,Industrie,48.0,75.0,1.0,0.0,1.0,1.0
45.0,Master,,23.0,Manager,Banque,51.0,19.0,1.0,0.0,0.0,0.0
47.0,Master,Finance,24.0,Intermédiaire,Service,28.0,64.0,2.0,1.0,0.0,1.0
42.0,Master,RH,20.0,Senior,Service,20.0,84.0,,1.0,1.0,1.0
42.0,Master,Marketing,19.0,Manager,Industrie,89.0,48.0,4.0,0.0,0.0,1.0
31.0,Master,Informatique,8.0,Manager,Banque,77.0,0.0,1.0,0.0,0.0,1.0
25.0,Licence,RH,0.0,Junior,Service,8.0,9.0,2.0,0.0,0.0,1.0
41.0,Licence,Design,16.0,Senior,Banque,46.0,46.0,1.0,1.0,0.0,1.0
38.0,Licence,Informatique,13.0,Intermédiaire,Banque,75.0,58.0,1.0,0.0,1.0,1.0
28.0,Master,Finance,5.0,Senior,Santé,,95.0,1.0,0.0,0.0,1.0
25.0,Licence,Design,1.0,Senior,Service,50.0,61.0,4.0,1.0,1.0,1.0
50.0,Licence,Informatique,26.0,Senior,Service,55.0,85.0,2.0,0.0,0.0,1.0
35.0,Licence,Design,13.0,,Santé,50.0,17.0,,0.0,0.0,1.0
24.0,Licence,Finance,2.0,Senior,Industrie,69.0,45.0,1.0,0.0,0.0,1.0
45.0,Master,Marketing,19.0,Junior,Santé,,31.0,1.0,0.0,1.0,1.0
37.0,Licence,Finance,14.0,Junior,Service,87.0,26.0,1.0,0.0,1.0,1.0
25.0,,Finance,3.0,Manager,Service,,91.0,1.0,1.0,0.0,1.0
45.0,Master,Design,23.0,Junior,Industrie,37.0,17.0,1.0,0.0,1.0,0.0
51.0,Licence,Ingénierie,28.0,Manager,Santé,71.0,38.0,2.0,0.0,1.0,1.0
39.0,Licence,RH,13.0,Manager,Tech,64.0,48.0,1.0,0.0,1.0,1.0
40.0,Licence,RH,18.0,Intermédiaire,Tech,53.0,,,0.0,,0.0
52.0,Master,Marketing,,Senior,Industrie,23.0,81.0,1.0,0.0,1.0,1.0
40.0,Licence,Marketing,15.0,Junior,Santé,46.0,43.0,1.0,1.0,0.0,1.0
40.0,,RH,14.0,Intermédiaire,Santé,70.0,71.0,1.0,1.0,0.0,1.0
43.0,Licence,Ingénierie,19.0,Junior,Banque,82.0,53.0,3.0,0.0,1.0,0.0
45.0,Licence,RH,21.0,Manager,Service,85.0,94.0,2.0,0.0,0.0,1.0
33.0,Licence,Ingénierie,7.0,Junior,Education,62.0,33.0,2.0,0.0,0.0,1.0
51.0,Licence,Marketing,27.0,Senior,Industrie,56.0,70.0,1.0,1.0,0.0,1.0
52.0,Master,Informatique,27.0,Manager,Education,54.0,35.0,1.0,0.0,1.0,0.0
40.0,,Design,17.0,Manager,Education,59.0,,1.0,1.0,1.0,1.0
51.0,Doctorat,Marketing,27.0,Intermédiaire,Industrie,98.0,37.0,2.0,0.0,0.0,
54.0,Licence,Marketing,30.0,Senior,Santé,61.0,58.0,2.0,1.0,,1.0
39.0,Licence,Finance,13.0,Manager,Industrie,29.0,8.0,1.0,1.0,0.0,1.0
49.0,Master,Finance,24.0,Senior,Education,92.0,72.0,1.0,1.0,0.0,1.0
32.0,Licence,Finance,,Junior,Service,21.0,71.0,1.0,0.0,1.0,1.0
54.0,Licence,Design,28.0,Senior,Service,74.0,50.0,2.0,0.0,,1.0
38.0,Licence,Finance,12.0,Manager,Service,83.0,34.0,3.0,0.0,0.0,1.0
27.0,Licence,Ingénierie,2.0,Intermédiaire,,28.0,81.0,,1.0,,1.0
25.0,Doctorat,RH,2.0,Manager,,40.0,4.0,1.0,0.0,1.0,1.0
41.0,Master,Informatique,16.0,Senior,Industrie,41.0,13.0,1.0,1.0,0.0,0.0
48.0,Master,Marketing,25.0,Senior,Service,97.0,91.0,1.0,1.0,1.0,1.0
36.0,Licence,Ingénierie,11.0,Manager,Industrie,64.0,29.0,1.0,0.0,1.0,0.0
27.0,Licence,Informatique,1.0,Senior,Service,30.0,3.0,1.0,1.0,0.0,0.0
35.0,Licence,Ingénierie,9.0,Junior,Santé,29.0,38.0,2.0,0.0,1.0,1.0
32.0,Licence,Ingénierie,10.0,Manager,,17.0,83.0,2.0,0.0,,1.0
30.0,Licence,Marketing,6.0,Intermédiaire,Tech,16.0,63.0,1.0,0.0,0.0,1.0
47.0,,RH,22.0,Manager,Service,37.0,24.0,,,1.0,1.0
,Master,Finance,15.0,,Santé,13.0,27.0,1.0,1.0,1.0,1.0
26.0,Licence,Design,2.0,Junior,Banque,86.0,75.0,1.0,0.0,,1.0
31.0,Doctorat,RH,6.0,Junior,Industrie,88.0,65.0,1.0,0.0,0.0,1.0
24.0,Master,Design,,Junior,Industrie,78.0,77.0,1.0,0.0,0.0,1.0
34.0,,Marketing,10.0,Junior,Education,55.0,21.0,1.0,1.0,0.0,1.0
51.0,Master,Marketing,25.0,Intermédiaire,Santé,21.0,30.0,1.0,0.0,0.0,1.0
27.0,Licence,Marketing,5.0,Senior,Education,66.0,22.0,1.0,1.0,0.0,
38.0,Licence,Informatique,14.0,Junior,Service,55.0,47.0,4.0,0.0,1.0,0.0
40.0,Licence,Design,16.0,Junior,,18.0,19.0,1.0,0.0,0.0,0.0
47.0,Master,RH,21.0,,Tech,56.0,37.0,1.0,0.0,0.0,0.0
26.0,Licence,RH,1.0,Intermédiaire,Industrie,43.0,54.0,1.0,0.0,1.0,0.0
50.0,Licence,Ingénierie,,Intermédiaire,Education,97.0,67.0,2.0,,1.0,1.0
41.0,Licence,Ingénierie,15.0,Senior,Tech,34.0,78.0,1.0,0.0,0.0,0.0
42.0,Licence,Ingénierie,19.0,Intermédiaire,Santé,0.0,87.0,2.0,1.0,0.0,0.0
31.0,Master,Marketing,6.0,Manager,Education,51.0,88.0,1.0,0.0,1.0,0.0
26.0,Master,RH,2.0,Manager,,84.0,0.0,1.0,0.0,0.0,0.0
27.0,Licence,Design,4.0,Senior,Service,92.0,6.0,1.0,1.0,0.0,0.0
47.0,Licence,Marketing,,Manager,Service,69.0,56.0,1.0,1.0,1.0,1.0
25.0,Licence,Informatique,3.0,Junior,Industrie,36.0,94.0,1.0,0.0,0.0,1.0
22.0,Licence,Ingénierie,0.0,Junior,Education,64.0,11.0,1.0,0.0,0.0,0.0
45.0,Licence,Marketing,20.0,Manager,Santé,50.0,4.0,1.0,0.0,0.0,1.0
27.0,Licence,Marketing,1.0,Senior,Education,0.0,,1.0,0.0,0.0,1.0
52.0,Licence,Informatique,26.0,Intermédiaire,Industrie,90.0,41.0,1.0,1.0,0.0,0.0
41.0,Master,Finance,15.0,Senior,Tech,20.0,11.0,3.0,1.0,1.0,1.0
45.0,Master,RH,23.0,Intermédiaire,Industrie,52.0,17.0,1.0,0.0,0.0,1.0
46.0,Licence,Design,24.0,Manager,Service,15.0,65.0,2.0,1.0,0.0,
42.0,Licence,Finance,16.0,Manager,Tech,60.0,73.0,2.0,0.0,0.0,1.0
51.0,Master,Ingénierie,29.0,Junior,Service,53.0,78.0,1.0,0.0,1.0,0.0
,Licence,Marketing,20.0,Intermédiaire,Banque,,93.0,1.0,0.0,0.0,1.0
51.0,Master,Informatique,25.0,Senior,Industrie,25.0,16.0,1.0,0.0,0.0,1.0
43.0,Master,Informatique,21.0,Manager,Industrie,79.0,67.0,2.0,0.0,1.0,1.0
49.0,Licence,RH,26.0,Senior,Santé,91.0,70.0,2.0,0.0,0.0,0.0
28.0,Licence,Finance,2.0,Junior,Education,64.0,61.0,2.0,0.0,0.0,1.0
49.0,Master,RH,23.0,Intermédiaire,Tech,99.0,40.0,3.0,0.0,0.0,1.0
35.0,Licence,Marketing,10.0,,Tech,73.0,94.0,2.0,1.0,0.0,1.0
31.0,Master,RH,7.0,Manager,Santé,63.0,33.0,1.0,0.0,0.0,0.0
37.0,Doctorat,Design,13.0,Intermédiaire,Santé,42.0,69.0,1.0,0.0,1.0,1.0
37.0,Master,Informatique,12.0,Manager,Education,16.0,44.0,2.0,1.0,0.0,1.0
52.0,Licence,Informatique,,Junior,Service,58.0,57.0,1.0,1.0,0.0,1.0
46.0,Master,Ingénierie,21.0,Intermédiaire,Education,22.0,-30.0,1.0,1.0,0.0,1.0
34.0,Licence,Ingénierie,10.0,Manager,Industrie,6.0,33.0,2.0,0.0,0.0,
27.0,Licence,Marketing,2.0,Senior,Service,43.0,43.0,1.0,0.0,0.0,1.0
30.0,Doctorat,Design,8.0,Manager,Banque,52.0,14.0,3.0,0.0,1.0,1.0
41.0,Licence,Finance,15.0,Intermédiaire,Education,70.0,77.0,2.0,0.0,0.0,1.0
39.0,Doctorat,RH,13.0,Junior,Santé,78.0,69.0,1.0,1.0,1.0,1.0
42.0,Doctorat,Marketing,19.0,Intermédiaire,Service,33.0,49.0,3.0,0.0,0.0,0.0
25.0,Licence,Ingénierie,2.0,Intermédiaire,Education,45.0,100.0,1.0,0.0,0.0,1.0
54.0,Licence,RH,28.0,Manager,Tech,67.0,31.0,1.0,0.0,0.0,1.0
48.0,Licence,Ingénierie,26.0,Senior,Banque,77.0,66.0,1.0,0.0,,1.0
28.0,Licence,RH,4.0,Intermédiaire,Industrie,77.0,2.0,1.0,1.0,0.0,1.0
27.0,Licence,Finance,3.0,Senior,Tech,15.0,85.0,1.0,0.0,0.0,1.0
36.0,Master,Marketing,14.0,Manager,Tech,70.0,85.0,1.0,0.0,1.0,1.0
39.0,,RH,15.0,Senior,Banque,95.0,73.0,1.0,,0.0,0.0
53.0,,Design,28.0,Manager,Industrie,18.0,50.0,1.0,0.0,,1.0
,Master,Informatique,6.0,Junior,Santé,1.0,66.0,2.0,0.0,0.0,0.0
41.0,Licence,Design,15.0,Senior,Service,9.0,75.0,2.0,0.0,,0.0
45.0,Master,Design,23.0,Senior,Industrie,49.0,92.0,,0.0,0.0,1.0
36.0,Licence,Informatique,12.0,Junior,Education,80.0,47.0,1.0,1.0,0.0,1.0
28.0,Licence,Design,5.0,Senior,Tech,100.0,16.0,1.0,1.0,0.0,1.0
42.0,Master,RH,19.0,Junior,Education,11.0,6.0,1.0,,1.0,0.0
47.0,Master,RH,23.0,,,69.0,,2.0,1.0,1.0,0.0
35.0,Master,RH,12.0,,Education,21.0,65.0,2.0,0.0,,1.0
42.0,Master,Informatique,20.0,,Industrie,31.0,3.0,1.0,0.0,0.0,1.0
39.0,Master,Design,17.0,Senior,,83.0,9.0,1.0,0.0,1.0,0.0
26.0,Licence,Informatique,2.0,Junior,Santé,0.0,87.0,1.0,1.0,0.0,1.0
,Licence,RH,1.0,Senior,Santé,53.0,16.0,,1.0,0.0,1.0
44.0,Master,Design,22.0,Intermédiaire,Santé,57.0,51.0,1.0,1.0,0.0,1.0
47.0,Master,Design,25.0,Junior,Industrie,69.0,5.0,,0.0,0.0,1.0
45.0,Doctorat,Ingénierie,20.0,,Santé,82.0,82.0,2.0,1.0,0.0,1.0
,Licence,Ingénierie,15.0,Manager,Tech,,68.0,1.0,0.0,0.0,1.0
,Licence,Finance,24.0,Senior,Santé,5.0,95.0,1.0,0.0,0.0,1.0
42.0,Master,Marketing,18.0,Senior,Education,44.0,73.0,3.0,0.0,0.0,
33.0,Licence,Ingénierie,7.0,Intermédiaire,Service,96.0,8.0,1.0,0.0,1.0,1.0
54.0,,Informatique,28.0,Manager,Education,22.0,90.0,1.0,0.0,0.0,1.0
25.0,Master,Ingénierie,3.0,Junior,Service,22.0,76.0,1.0,0.0,0.0,1.0
28.0,Licence,Finance,6.0,Junior,Education,25.0,82.0,2.0,0.0,0.0,1.0
43.0,Master,Design,21.0,Senior,Industrie,76.0,20.0,2.0,0.0,1.0,0.0
54.0,Master,Finance,30.0,Intermédiaire,Education,,23.0,2.0,1.0,1.0,0.0
38.0,Licence,Design,13.0,Intermédiaire,Industrie,78.0,3.0,2.0,0.0,1.0,1.0
45.0,Doctorat,Design,23.0,Junior,Industrie,43.0,23.0,2.0,0.0,0.0,1.0
49.0,Licence,,27.0,Manager,Santé,26.0,58.0,3.0,1.0,1.0,0.0
43.0,Master,Ingénierie,20.0,Manager,Tech,25.0,98.0,1.0,1.0,1.0,1.0
38.0,Licence,,14.0,Junior,Service,96.0,2.0,,0.0,0.0,
27.0,Master,Informatique,5.0,Junior,Santé,78.0,67.0,2.0,0.0,0.0,1.0
27.0,Licence,RH,4.0,Intermédiaire,Santé,35.0,100.0,2.0,0.0,0.0,1.0
22.0,Licence,Design,0.0,Manager,Industrie,54.0,39.0,2.0,0.0,1.0,1.0
31.0,Doctorat,,9.0,Junior,Industrie,63.0,47.0,1.0,0.0,,1.0
42.0,Licence,Marketing,20.0,Junior,Service,90.0,53.0,2.0,1.0,0.0,1.0
26.0,Licence,Design,3.0,Senior,Education,56.0,34.0,2.0,0.0,1.0,0.0
23.0,Doctorat,Marketing,0.0,Junior,Education,68.0,94.0,1.0,1.0,1.0,0.0
43.0,Doctorat,Informatique,21.0,Junior,Santé,60.0,55.0,1.0,1.0,1.0,0.0
23.0,Master,Informatique,0.0,Manager,Banque,1.0,88.0,1.0,1.0,1.0,1.0
31.0,Master,RH,,Intermédiaire,Banque,54.0,39.0,1.0,0.0,0.0,0.0
37.0,Licence,Informatique,11.0,Manager,,96.0,76.0,1.0,1.0,,0.0
43.0,Licence,Design,18.0,Intermédiaire,Banque,79.0,67.0,1.0,0.0,0.0,1.0
,Licence,Design,8.0,Senior,Education,86.0,45.0,1.0,0.0,1.0,0.0
45.0,Master,Design,19.0,Junior,,37.0,77.0,2.0,0.0,0.0,0.0
31.0,Master,RH,7.0,,Santé,79.0,12.0,2.0,0.0,1.0,0.0
,Master,RH,31.0,Intermédiaire,Tech,77.0,26.0,2.0,1.0,1.0,
28.0,Master,Informatique,,Manager,Santé,28.0,5.0,1.0,0.0,1.0,0.0
42.0,Licence,Finance,17.0,,Education,25.0,16.0,1.0,,0.0,1.0
41.0,Licence,Finance,15.0,Senior,Education,34.0,35.0,2.0,0.0,0.0,
47.0,,RH,25.0,Intermédiaire,Santé,78.0,98.0,1.0,0.0,1.0,1.0
25.0,Licence,Informatique,3.0,Senior,Service,66.0,80.0,3.0,0.0,0.0,1.0
43.0,Licence,Finance,19.0,Senior,,86.0,1.0,2.0,1.0,1.0,
36.0,Master,Informatique,13.0,Junior,Banque,28.0,76.0,1.0,0.0,0.0,0.0
42.0,Licence,Informatique,17.0,Senior,Banque,33.0,51.0,4.0,0.0,1.0,0.0
36.0,Licence,Informatique,11.0,Junior,Education,96.0,65.0,1.0,0.0,0.0,0.0
43.0,Licence,Ingénierie,20.0,Junior,Education,40.0,51.0,1.0,,1.0,0.0
49.0,Master,Design,27.0,Manager,Service,40.0,91.0,2.0,0.0,1.0,0.0
35.0,Master,Informatique,11.0,Junior,Banque,22.0,42.0,1.0,0.0,0.0,0.0
48.0,Licence,Ingénierie,24.0,Junior,Education,70.0,89.0,3.0,1.0,0.0,1.0
49.0,Licence,RH,24.0,Manager,Education,2.0,21.0,,0.0,0.0,1.0
47.0,Master,Finance,23.0,Senior,Service,57.0,54.0,1.0,0.0,0.0,1.0
23.0,Licence,Design,0.0,Intermédiaire,Service,31.0,66.0,1.0,0.0,0.0,1.0
46.0,Master,Finance,24.0,Intermédiaire,Santé,30.0,,2.0,1.0,1.0,0.0
24.0,Master,Design,1.0,Intermédiaire,Service,,59.0,1.0,0.0,,0.0
29.0,Licence,Finance,3.0,Senior,Tech,42.0,57.0,1.0,0.0,0.0,1.0
54.0,Licence,Design,29.0,Junior,Banque,6.0,11.0,2.0,,0.0,0.0
27.0,Doctorat,Finance,3.0,Intermédiaire,Santé,0.0,87.0,1.0,0.0,0.0,0.0
44.0,Licence,Finance,18.0,Senior,Tech,60.0,68.0,2.0,0.0,0.0,1.0
46.0,Licence,Finance,22.0,Junior,Education,13.0,83.0,1.0,0.0,1.0,1.0
40.0,Master,Finance,18.0,Manager,Education,51.0,38.0,2.0,,1.0,1.0
26.0,Doctorat,RH,4.0,Intermédiaire,Santé,95.0,,2.0,0.0,0.0,0.0
32.0,Doctorat,Informatique,10.0,Junior,Service,5.0,40.0,1.0,0.0,0.0,1.0
33.0,Master,Marketing,9.0,Intermédiaire,Education,9.0,56.0,1.0,0.0,1.0,1.0
31.0,Licence,Ingénierie,5.0,Intermédiaire,Industrie,70.0,52.0,2.0,0.0,0.0,1.0
29.0,Licence,,7.0,Intermédiaire,Santé,89.0,11.0,1.0,0.0,0.0,1.0
45.0,Master,Marketing,19.0,Junior,Tech,97.0,,3.0,1.0,,1.0
49.0,Master,Design,25.0,Senior,Santé,29.0,73.0,1.0,1.0,0.0,
42.0,Licence,,16.0,Junior,Banque,99.0,96.0,1.0,1.0,1.0,1.0
29.0,Doctorat,Design,5.0,,Service,20.0,56.0,1.0,0.0,1.0,1.0
30.0,,Informatique,6.0,Junior,,59.0,39.0,3.0,0.0,0.0,1.0
36.0,Licence,Informatique,11.0,Manager,Santé,80.0,79.0,1.0,0.0,0.0,1.0
39.0,,Finance,15.0,Senior,Education,96.0,44.0,2.0,0.0,1.0,
41.0,Licence,RH,17.0,Junior,Education,73.0,34.0,2.0,1.0,1.0,1.0
27.0,Licence,Finance,4.0,Manager,Industrie,62.0,2.0,1.0,0.0,1.0,1.0
33.0,Licence,RH,11.0,Senior,Industrie,41.0,4.0,,0.0,1.0,1.0
23.0,Licence,Design,0.0,Manager,Service,50.0,89.0,2.0,0.0,0.0,1.0
28.0,Master,RH,3.0,Senior,Industrie,63.0,,1.0,0.0,1.0,0.0
37.0,Master,Design,12.0,Junior,Tech,75.0,70.0,2.0,0.0,1.0,0.0
24.0,Master,Marketing,1.0,Manager,Industrie,,55.0,1.0,0.0,0.0,1.0
24.0,Doctorat,Marketing,0.0,Intermédiaire,,79.0,9.0,1.0,0.0,1.0,1.0
48.0,Licence,RH,26.0,Manager,Industrie,40.0,33.0,2.0,1.0,0.0,1.0
54.0,Licence,RH,28.0,Senior,Service,31.0,66.0,1.0,0.0,0.0,1.0
49.0,Master,Design,25.0,Junior,Service,14.0,71.0,1.0,1.0,0.0,
22.0,Licence,Finance,0.0,Senior,Tech,61.0,30.0,1.0,1.0,0.0,0.0
29.0,Doctorat,Design,5.0,Manager,Santé,26.0,74.0,1.0,0.0,0.0,1.0
53.0,Licence,Finance,29.0,Manager,Service,27.0,-30.0,1.0,1.0,0.0,0.0
25.0,Doctorat,Marketing,2.0,Intermédiaire,Santé,80.0,65.0,2.0,0.0,0.0,1.0
51.0,Licence,Informatique,26.0,Junior,,63.0,69.0,1.0,1.0,,0.0
27.0,Master,RH,2.0,Junior,Tech,58.0,40.0,1.0,0.0,0.0,0.0
40.0,Licence,Finance,18.0,Manager,Service,57.0,62.0,2.0,0.0,0.0,1.0
53.0,Doctorat,Design,31.0,Junior,Banque,1.0,31.0,1.0,0.0,1.0,1.0
30.0,,Marketing,5.0,Intermédiaire,Education,35.0,19.0,1.0,0.0,,1.0
,Master,Finance,7.0,Senior,Santé,70.0,56.0,3.0,1.0,0.0,0.0
32.0,Doctorat,Design,8.0,Junior,Service,,97.0,2.0,0.0,1.0,1.0
37.0,Licence,RH,11.0,Manager,Tech,14.0,49.0,1.0,0.0,1.0,1.0
,Master,RH,0.0,Senior,Industrie,88.0,79.0,2.0,0.0,1.0,1.0
42.0,Master,Ingénierie,17.0,Senior,Banque,86.0,24.0,1.0,1.0,0.0,1.0
51.0,Licence,Informatique,29.0,Intermédiaire,Santé,59.0,11.0,2.0,0.0,0.0,0.0
34.0,Master,Ingénierie,12.0,Manager,,21.0,70.0,1.0,0.0,1.0,1.0
25.0,Master,Marketing,0.0,Junior,Tech,62.0,38.0,1.0,0.0,0.0,1.0
49.0,Doctorat,Finance,27.0,Manager,Banque,89.0,16.0,1.0,1.0,0.0,1.0
52.0,Licence,Marketing,27.0,Senior,Tech,96.0,44.0,1.0,0.0,0.0,0.0
,Licence,Design,,Manager,Service,74.0,10.0,1.0,0.0,1.0,1.0
26.0,Doctorat,RH,2.0,Junior,Industrie,73.0,69.0,3.0,0.0,0.0,
46.0,Master,Ingénierie,24.0,Junior,Education,24.0,22.0,1.0,1.0,1.0,0.0
24.0,Licence,Ingénierie,1.0,Intermédiaire,Tech,100.0,90.0,1.0,0.0,1.0,0.0
54.0,Master,Ingénierie,32.0,Junior,Santé,47.0,69.0,1.0,0.0,0.0,
-10.0,Licence,Marketing,1.0,Junior,Service,42.0,,1.0,0.0,1.0,1.0
46.0,Licence,RH,20.0,Manager,Service,,1.0,2.0,1.0,1.0,1.0
41.0,Licence,Finance,17.0,Manager,Education,40.0,85.0,1.0,1.0,1.0,1.0
47.0,Licence,Design,24.0,Senior,Service,44.0,83.0,1.0,0.0,0.0,1.0
26.0,Master,Finance,1.0,Intermédiaire,Santé,87.0,88.0,1.0,0.0,1.0,1.0
49.0,Licence,Marketing,,Manager,Tech,39.0,78.0,2.0,0.0,0.0,0.0
50.0,Doctorat,Design,24.0,Junior,Education,96.0,92.0,1.0,0.0,1.0,1.0
30.0,Doctorat,Ingénierie,5.0,Senior,Service,16.0,71.0,1.0,,0.0,1.0
27.0,Master,Informatique,3.0,Manager,Service,87.0,36.0,1.0,0.0,0.0,0.0
40.0,Licence,Marketing,14.0,Intermédiaire,Santé,100.0,48.0,1.0,0.0,1.0,1.0
32.0,Licence,,7.0,Intermédiaire,Industrie,56.0,51.0,1.0,1.0,1.0,1.0
23.0,Master,RH,0.0,Senior,Industrie,1.0,32.0,2.0,0.0,0.0,1.0
30.0,Master,Finance,7.0,Senior,Service,95.0,21.0,2.0,0.0,0.0,1.0
42.0,Licence,Marketing,19.0,Senior,Tech,61.0,4.0,2.0,0.0,0.0,1.0
45.0,Doctorat,Marketing,,,Education,87.0,17.0,1.0,0.0,1.0,0.0
43.0,Master,Ingénierie,21.0,Senior,Service,8.0,37.0,1.0,0.0,1.0,1.0
24.0,,Ingénierie,1.0,Junior,Banque,67.0,36.0,1.0,0.0,1.0,1.0
33.0,Master,,7.0,Junior,,80.0,93.0,4.0,0.0,0.0,1.0
49.0,Master,Informatique,26.0,Manager,Industrie,16.0,94.0,1.0,1.0,0.0,1.0
51.0,Licence,RH,29.0,Intermédiaire,Service,49.0,63.0,,1.0,1.0,1.0
47.0,Doctorat,Informatique,24.0,Junior,Santé,,9.0,1.0,0.0,1.0,0.0
42.0,Master,Design,19.0,Junior,Banque,39.0,78.0,1.0,0.0,0.0,0.0
49.0,Licence,Ingénierie,23.0,Junior,Service,,41.0,1.0,0.0,1.0,1.0
47.0,Licence,Finance,22.0,Manager,Tech,74.0,47.0,1.0,0.0,0.0,0.0
54.0,,Ingénierie,32.0,Senior,Banque,84.0,43.0,3.0,0.0,0.0,0.0
42.0,Master,RH,16.0,Manager,Service,20.0,81.0,3.0,1.0,0.0,1.0
39.0,Doctorat,Ingénierie,16.0,Intermédiaire,Tech,,86.0,1.0,1.0,0.0,1.0
32.0,Licence,RH,9.0,Intermédiaire,Banque,54.0,96.0,,1.0,0.0,0.0
44.0,,RH,19.0,Intermédiaire,Tech,28.0,15.0,3.0,0.0,0.0,1.0
43.0,Licence,RH,21.0,Intermédiaire,Tech,23.0,53.0,2.0,1.0,0.0,1.0
,Doctorat,Design,16.0,Junior,Banque,73.0,34.0,1.0,1.0,1.0,
,Master,RH,2.0,Junior,Banque,16.0,,1.0,0.0,0.0,1.0
32.0,Master,RH,10.0,Manager,Tech,17.0,27.0,1.0,0.0,0.0,1.0
51.0,Licence,Finance,26.0,Senior,Industrie,41.0,1.0,1.0,1.0,0.0,0.0
36.0,Licence,Informatique,12.0,Intermédiaire,Banque,83.0,93.0,1.0,0.0,0.0,
48.0,Licence,Marketing,24.0,Manager,Service,,12.0,1.0,0.0,1.0,1.0
54.0,Licence,Informatique,31.0,Junior,Education,44.0,,1.0,,0.0,1.0
41.0,Master,RH,18.0,Junior,Santé,81.0,79.0,,0.0,1.0,1.0
37.0,Master,Finance,15.0,Senior,Tech,16.0,58.0,1.0,0.0,1.0,1.0
23.0,Doctorat,Ingénierie,0.0,Senior,Tech,72.0,68.0,2.0,1.0,0.0,1.0
49.0,Doctorat,Finance,26.0,Senior,Santé,,91.0,2.0,0.0,0.0,1.0
27.0,Master,RH,2.0,Manager,Industrie,48.0,52.0,1.0,0.0,0.0,0.0
30.0,Master,Finance,,Junior,Santé,28.0,44.0,3.0,0.0,0.0,0.0
41.0,Doctorat,Finance,18.0,Junior,Banque,94.0,19.0,3.0,0.0,1.0,
22.0,Master,RH,0.0,Senior,Santé,3.0,23.0,1.0,0.0,0.0,
29.0,,Design,5.0,Intermédiaire,Tech,81.0,60.0,1.0,0.0,0.0,0.0
44.0,Licence,Finance,18.0,Senior,Santé,,90.0,2.0,0.0,0.0,1.0
24.0,Licence,Marketing,0.0,Manager,Education,46.0,93.0,2.0,0.0,0.0,1.0
,Doctorat,Marketing,1.0,Senior,Service,8.0,57.0,3.0,0.0,0.0,1.0
-10.0,Master,Finance,24.0,Senior,Banque,76.0,26.0,2.0,,0.0,0.0
36.0,Licence,Design,11.0,Manager,Santé,78.0,25.0,,0.0,0.0,0.0
42.0,Master,Ingénierie,17.0,Senior,,26.0,6.0,,0.0,0.0,0.0
35.0,Master,RH,11.0,,Service,14.0,41.0,1.0,1.0,1.0,1.0
33.0,Licence,,8.0,Intermédiaire,Banque,91.0,46.0,1.0,0.0,1.0,1.0
38.0,,Ingénierie,14.0,Senior,Tech,100.0,52.0,1.0,0.0,0.0,1.0
30.0,Master,,7.0,,Industrie,18.0,58.0,2.0,0.0,0.0,1.0
34.0,Licence,,8.0,Intermédiaire,Education,89.0,37.0,1.0,0.0,1.0,
36.0,Master,Informatique,13.0,Manager,Industrie,51.0,68.0,2.0,1.0,0.0,0.0
,Licence,Marketing,15.0,Intermédiaire,Education,,86.0,1.0,0.0,0.0,1.0
54.0,Master,Finance,30.0,Intermédiaire,Santé,88.0,91.0,1.0,0.0,0.0,1.0
27.0,Master,RH,4.0,Senior,Banque,25.0,97.0,1.0,0.0,1.0,1.0
48.0,,Design,,Junior,Santé,25.0,52.0,1.0,0.0,0.0,1.0
44.0,Master,Finance,22.0,Senior,Education,45.0,14.0,2.0,1.0,1.0,0.0
48.0,Licence,RH,26.0,Manager,Education,91.0,95.0,2.0,0.0,1.0,1.0
35.0,Licence,Design,11.0,Manager,Education,48.0,25.0,4.0,,1.0,1.0
29.0,Licence,Design,4.0,Intermédiaire,Service,81.0,47.0,1.0,0.0,1.0,0.0
40.0,Master,Finance,16.0,Intermédiaire,Tech,95.0,94.0,1.0,0.0,0.0,0.0
51.0,Master,Ingénierie,26.0,Junior,Banque,52.0,18.0,1.0,1.0,0.0,1.0
35.0,Master,Ingénierie,12.0,Senior,Santé,2.0,8.0,1.0,0.0,1.0,1.0
41.0,Licence,Design,15.0,,Santé,65.0,63.0,2.0,,1.0,0.0
46.0,Licence,Ingénierie,21.0,Intermédiaire,Industrie,96.0,92.0,2.0,0.0,0.0,
45.0,Licence,Informatique,23.0,Junior,Education,41.0,53.0,2.0,0.0,1.0,0.0
35.0,Licence,Design,11.0,Manager,Education,18.0,50.0,1.0,0.0,0.0,1.0
47.0,Master,Design,24.0,Intermédiaire,Education,16.0,38.0,2.0,0.0,,0.0
44.0,Licence,RH,22.0,Manager,Santé,32.0,3.0,1.0,0.0,0.0,0.0
43.0,Licence,Ingénierie,20.0,Junior,Industrie,75.0,2.0,2.0,0.0,0.0,1.0
40.0,,Design,14.0,Junior,Tech,48.0,63.0,1.0,0.0,0.0,0.0
24.0,Licence,Informatique,0.0,Manager,Service,55.0,28.0,1.0,1.0,0.0,1.0
,Licence,RH,16.0,Senior,Banque,62.0,10.0,1.0,0.0,0.0,0.0
,Master,Finance,4.0,Manager,Tech,2.0,96.0,3.0,0.0,0.0,1.0
49.0,Licence,Design,25.0,Intermédiaire,Santé,,57.0,1.0,0.0,0.0,0.0
,Master,Informatique,16.0,Senior,Service,54.0,74.0,1.0,0.0,1.0,1.0
28.0,Master,Marketing,5.0,Intermédiaire,Service,25.0,26.0,2.0,0.0,0.0,1.0
35.0,Doctorat,Informatique,13.0,Manager,Service,98.0,96.0,1.0,1.0,0.0,0.0
30.0,Licence,Informatique,4.0,Senior,Education,71.0,20.0,1.0,0.0,0.0,1.0
40.0,Doctorat,RH,15.0,Intermédiaire,Banque,51.0,38.0,1.0,0.0,0.0,0.0
35.0,Licence,Finance,13.0,Manager,,99.0,94.0,1.0,0.0,1.0,1.0
38.0,Licence,Marketing,16.0,Manager,Santé,6.0,45.0,3.0,0.0,0.0,0.0
51.0,Licence,Ingénierie,25.0,Senior,Service,45.0,65.0,2.0,0.0,1.0,1.0
30.0,Doctorat,Ingénierie,5.0,Manager,Santé,45.0,90.0,1.0,1.0,0.0,1.0
54.0,Licence,Informatique,32.0,Junior,Banque,99.0,35.0,4.0,0.0,0.0,1.0
46.0,Licence,RH,24.0,Intermédiaire,Banque,15.0,74.0,1.0,0.0,0.0,1.0
,Master,RH,10.0,Intermédiaire,Industrie,23.0,81.0,1.0,0.0,0.0,1.0
,Licence,Ingénierie,8.0,Manager,,60.0,64.0,,0.0,0.0,1.0
35.0,,Marketing,13.0,Manager,Tech,53.0,62.0,1.0,0.0,0.0,1.0
51.0,Licence,Finance,28.0,Junior,Banque,61.0,98.0,1.0,0.0,0.0,1.0
25.0,Licence,Marketing,0.0,Senior,Banque,0.0,34.0,3.0,0.0,0.0,0.0
25.0,Licence,Design,3.0,Manager,Banque,48.0,30.0,2.0,0.0,1.0,1.0
49.0,Licence,Design,23.0,Manager,,24.0,27.0,1.0,0.0,0.0,1.0
29.0,Master,Finance,6.0,Manager,,9.0,0.0,1.0,0.0,0.0,1.0
23.0,Licence,Ingénierie,1.0,Manager,Service,79.0,24.0,2.0,0.0,0.0,1.0
43.0,Licence,Finance,20.0,Intermédiaire,Santé,15.0,42.0,3.0,0.0,0.0,0.0
37.0,Master,RH,14.0,Manager,Service,57.0,83.0,2.0,0.0,0.0,1.0
50.0,Licence,Design,26.0,Intermédiaire,Education,71.0,66.0,1.0,0.0,1.0,0.0
51.0,Master,Informatique,28.0,Manager,Industrie,28.0,62.0,2.0,0.0,1.0,0.0
33.0,Licence,,9.0,Senior,Banque,91.0,50.0,1.0,1.0,0.0,0.0
32.0,Licence,Ingénierie,7.0,Junior,Service,5.0,1.0,1.0,0.0,0.0,
42.0,Licence,RH,18.0,,Industrie,15.0,81.0,1.0,0.0,0.0,0.0
42.0,,Marketing,16.0,Manager,Service,19.0,63.0,1.0,0.0,1.0,0.0
26.0,Licence,,4.0,Manager,Tech,79.0,,1.0,0.0,0.0,1.0
41.0,Licence,Informatique,,Manager,Banque,70.0,68.0,1.0,0.0,0.0,0.0
24.0,Licence,Informatique,0.0,Senior,Tech,77.0,8.0,1.0,0.0,0.0,0.0
54.0,,Design,28.0,,,42.0,1.0,2.0,0.0,1.0,0.0
30.0,Licence,RH,6.0,Senior,,25.0,33.0,1.0,,0.0,1.0
30.0,,RH,8.0,Intermédiaire,Santé,89.0,59.0,1.0,0.0,0.0,1.0
25.0,Licence,Informatique,1.0,Junior,Service,77.0,60.0,1.0,1.0,1.0,0.0
38.0,Licence,Marketing,15.0,Junior,Service,70.0,30.0,3.0,0.0,0.0,1.0
45.0,Master,Ingénierie,21.0,Senior,Education,32.0,9.0,1.0,0.0,1.0,1.0
53.0,Licence,Ingénierie,28.0,Intermédiaire,Tech,25.0,75.0,1.0,0.0,0.0,0.0
22.0,Master,RH,0.0,Senior,Service,44.0,35.0,1.0,0.0,1.0,0.0
29.0,Master,Ingénierie,5.0,Intermédiaire,Industrie,83.0,84.0,2.0,0.0,1.0,
44.0,Licence,Informatique,22.0,Manager,Santé,62.0,48.0,4.0,0.0,0.0,1.0
33.0,Master,Informatique,11.0,Intermédiaire,Industrie,66.0,69.0,1.0,0.0,1.0,0.0
33.0,Doctorat,RH,10.0,Intermédiaire,Tech,51.0,48.0,1.0,0.0,0.0,0.0
36.0,Licence,RH,13.0,Intermédiaire,Education,67.0,2.0,3.0,1.0,1.0,
40.0,Licence,Design,15.0,Junior,Service,25.0,73.0,1.0,1.0,0.0,0.0
47.0,Master,RH,21.0,,Industrie,74.0,4.0,2.0,0.0,1.0,1.0
50.0,Master,Marketing,,Manager,Banque,1.0,89.0,1.0,0.0,0.0,1.0
43.0,Licence,Ingénierie,17.0,Manager,Santé,13.0,60.0,,0.0,1.0,1.0
42.0,Licence,RH,17.0,Manager,Industrie,29.0,,1.0,0.0,0.0,0.0
41.0,Licence,Finance,19.0,Intermédiaire,Santé,48.0,89.0,1.0,0.0,1.0,1.0
50.0,Licence,Design,28.0,Senior,Service,11.0,25.0,,0.0,1.0,0.0
25.0,Master,Finance,0.0,Senior,Banque,89.0,71.0,3.0,1.0,0.0,1.0
28.0,Licence,Informatique,4.0,Manager,Education,43.0,4.0,1.0,0.0,1.0,
49.0,Licence,Ingénierie,26.0,Junior,Education,32.0,14.0,2.0,0.0,1.0,1.0
,Master,RH,25.0,Senior,Banque,12.0,15.0,1.0,0.0,0.0,1.0
25.0,Licence,Finance,0.0,Intermédiaire,Santé,77.0,0.0,1.0,1.0,0.0,1.0
,Licence,Ingénierie,20.0,Senior,Service,87.0,15.0,1.0,0.0,,1.0
33.0,Master,Informatique,9.0,Manager,Industrie,97.0,36.0,3.0,0.0,0.0,1.0
24.0,Master,Marketing,1.0,Junior,Banque,25.0,,2.0,0.0,0.0,1.0
43.0,Licence,Design,21.0,Senior,Tech,20.0,51.0,2.0,1.0,0.0,1.0
23.0,Licence,Ingénierie,0.0,Senior,Santé,,46.0,2.0,0.0,0.0,1.0
45.0,Licence,Ingénierie,22.0,,Education,47.0,94.0,2.0,1.0,0.0,1.0
48.0,Licence,Marketing,25.0,Junior,Banque,99.0,12.0,3.0,0.0,0.0,0.0
22.0,Licence,Ingénierie,0.0,Junior,Education,39.0,79.0,2.0,0.0,1.0,
29.0,Licence,Informatique,5.0,Manager,Santé,65.0,54.0,3.0,0.0,1.0,1.0
44.0,Licence,Informatique,19.0,,Education,72.0,20.0,1.0,0.0,0.0,1.0
27.0,Licence,Marketing,3.0,Senior,Banque,86.0,65.0,1.0,0.0,1.0,1.0
43.0,Licence,Design,17.0,Intermédiaire,Santé,78.0,53.0,1.0,1.0,1.0,0.0
46.0,Licence,RH,22.0,Senior,Tech,76.0,26.0,1.0,0.0,1.0,0.0
39.0,Licence,Finance,16.0,Senior,Banque,22.0,37.0,1.0,0.0,0.0,0.0
38.0,Licence,RH,16.0,Intermédiaire,Industrie,80.0,89.0,1.0,0.0,0.0,0.0
33.0,Licence,Ingénierie,9.0,Manager,Service,,57.0,2.0,,1.0,1.0
27.0,Master,Finance,3.0,Manager,Banque,1.0,61.0,1.0,0.0,1.0,1.0
47.0,Master,Marketing,24.0,Senior,Santé,83.0,45.0,1.0,0.0,1.0,1.0
48.0,Master,Marketing,26.0,Manager,Service,19.0,88.0,1.0,0.0,1.0,1.0
29.0,Master,Design,7.0,Senior,Banque,58.0,10.0,3.0,0.0,0.0,0.0
40.0,Licence,Finance,14.0,Manager,Tech,45.0,71.0,1.0,1.0,0.0,0.0
22.0,Licence,Informatique,0.0,Senior,Tech,2.0,7.0,1.0,0.0,0.0,0.0
50.0,Licence,Finance,28.0,Manager,Industrie,54.0,96.0,2.0,1.0,0.0,1.0
35.0,Master,Ingénierie,,Junior,Education,11.0,70.0,2.0,0.0,1.0,1.0
41.0,Master,Informatique,16.0,Intermédiaire,,39.0,63.0,1.0,,0.0,
34.0,Licence,Marketing,9.0,Junior,Santé,65.0,20.0,1.0,0.0,0.0,0.0
29.0,Licence,Finance,7.0,Intermédiaire,Santé,99.0,71.0,,0.0,1.0,0.0
41.0,Licence,RH,15.0,Intermédiaire,Education,77.0,62.0,3.0,1.0,0.0,1.0
54.0,Licence,Design,32.0,Senior,Tech,15.0,84.0,1.0,0.0,1.0,1.0
47.0,Master,RH,24.0,Intermédiaire,Tech,82.0,63.0,1.0,0.0,1.0,1.0
42.0,Master,Design,18.0,Junior,Banque,33.0,19.0,1.0,1.0,0.0,1.0
30.0,,Ingénierie,4.0,Junior,Industrie,43.0,7.0,1.0,0.0,,1.0
,Doctorat,RH,22.0,Manager,Service,5.0,57.0,2.0,0.0,0.0,0.0
38.0,Master,Finance,12.0,Junior,Industrie,76.0,45.0,1.0,0.0,0.0,1.0
45.0,Licence,Finance,22.0,Manager,Industrie,63.0,,1.0,1.0,0.0,1.0
42.0,Licence,RH,18.0,Intermédiaire,Banque,99.0,92.0,1.0,0.0,0.0,1.0
34.0,Licence,Finance,10.0,,Industrie,21.0,8.0,1.0,0.0,1.0,1.0
32.0,Licence,Ingénierie,7.0,Intermédiaire,Education,17.0,14.0,1.0,0.0,0.0,1.0
40.0,Licence,Informatique,17.0,Junior,Banque,11.0,93.0,2.0,1.0,1.0,1.0
32.0,Licence,Ingénierie,7.0,Junior,Education,51.0,25.0,2.0,0.0,0.0,0.0
34.0,Licence,Design,11.0,Manager,Banque,93.0,9.0,3.0,0.0,0.0,
22.0,Licence,Ingénierie,0.0,Intermédiaire,Industrie,,28.0,2.0,0.0,1.0,0.0
40.0,Master,Design,16.0,Junior,Education,70.0,79.0,2.0,1.0,0.0,0.0
33.0,,Finance,7.0,Senior,Education,95.0,35.0,1.0,1.0,0.0,1.0
29.0,Licence,Informatique,,Intermédiaire,Education,47.0,83.0,2.0,1.0,1.0,1.0
29.0,Licence,Finance,6.0,Intermédiaire,Banque,18.0,36.0,2.0,0.0,1.0,0.0
33.0,Doctorat,Marketing,10.0,Intermédiaire,Santé,5.0,85.0,2.0,,,1.0
54.0,Licence,Finance,,,Industrie,83.0,70.0,1.0,0.0,0.0,1.0
47.0,Licence,Design,24.0,Senior,,26.0,22.0,1.0,,0.0,0.0
49.0,Doctorat,,27.0,,Service,52.0,40.0,2.0,0.0,1.0,1.0
26.0,Master,Finance,0.0,Junior,Santé,100.0,92.0,2.0,0.0,1.0,1.0
29.0,Master,Informatique,4.0,Junior,Service,47.0,79.0,4.0,,0.0,1.0
46.0,Licence,Finance,,Manager,Industrie,6.0,27.0,1.0,0.0,1.0,1.0
48.0,Licence,Informatique,24.0,Junior,Industrie,58.0,47.0,1.0,0.0,0.0,0.0
44.0,Master,RH,19.0,Intermédiaire,Education,68.0,37.0,1.0,0.0,0.0,1.0
51.0,Doctorat,Marketing,26.0,Junior,Education,10.0,30.0,2.0,0.0,0.0,1.0
44.0,Master,Informatique,22.0,Intermédiaire,Banque,14.0,13.0,1.0,1.0,0.0,1.0
41.0,Master,Design,17.0,Junior,Santé,63.0,96.0,1.0,0.0,0.0,0.0
39.0,Licence,,16.0,Senior,Santé,2.0,72.0,4.0,0.0,0.0,1.0
39.0,Master,Informatique,,Manager,Education,68.0,90.0,1.0,0.0,,1.0
23.0,Licence,Informatique,1.0,Manager,Industrie,22.0,87.0,2.0,0.0,1.0,0.0
25.0,Licence,Marketing,0.0,Senior,Education,52.0,76.0,1.0,0.0,1.0,1.0
51.0,Licence,Design,25.0,Senior,Industrie,36.0,89.0,2.0,0.0,1.0,1.0
54.0,Licence,Ingénierie,28.0,Manager,Industrie,8.0,28.0,1.0,0.0,1.0,0.0
39.0,Licence,Ingénierie,17.0,Senior,Education,14.0,50.0,3.0,0.0,0.0,1.0
40.0,Licence,Informatique,17.0,Intermédiaire,Tech,2.0,48.0,3.0,0.0,0.0,1.0
49.0,Master,Finance,24.0,Junior,Santé,92.0,42.0,1.0,0.0,1.0,1.0
41.0,Licence,Design,15.0,Manager,Service,69.0,91.0,1.0,1.0,0.0,1.0
54.0,Master,RH,31.0,Senior,Industrie,16.0,91.0,1.0,1.0,0.0,1.0
33.0,Licence,Finance,9.0,Intermédiaire,Industrie,25.0,71.0,2.0,1.0,0.0,1.0
36.0,Licence,Finance,10.0,Manager,Tech,20.0,86.0,2.0,0.0,1.0,1.0
23.0,Licence,Design,0.0,Senior,Service,71.0,92.0,,0.0,0.0,0.0
50.0,Licence,Informatique,26.0,Manager,Banque,20.0,4.0,2.0,,1.0,1.0
31.0,Licence,Informatique,,Senior,Tech,,41.0,1.0,0.0,0.0,0.0
23.0,Licence,Informatique,,Manager,Service,,6.0,2.0,0.0,1.0,0.0
32.0,Licence,Informatique,6.0,Intermédiaire,Tech,71.0,41.0,3.0,0.0,1.0,0.0
34.0,Doctorat,Ingénierie,12.0,Intermédiaire,Industrie,87.0,35.0,1.0,1.0,1.0,1.0
31.0,Licence,,6.0,Junior,Santé,34.0,26.0,1.0,0.0,0.0,0.0
35.0,Master,Ingénierie,,Manager,Tech,13.0,57.0,1.0,0.0,0.0,0.0
39.0,Licence,Ingénierie,14.0,Junior,Banque,13.0,45.0,1.0,1.0,1.0,0.0
30.0,Master,Informatique,6.0,Manager,Education,9.0,,,0.0,0.0,0.0
49.0,Master,Marketing,26.0,Senior,Service,11.0,24.0,1.0,1.0,0.0,1.0
24.0,Master,RH,2.0,Senior,Tech,37.0,72.0,1.0,1.0,0.0,1.0
,Licence,Finance,15.0,Junior,Tech,,26.0,1.0,1.0,1.0,0.0
27.0,Licence,Ingénierie,1.0,Manager,Banque,40.0,0.0,1.0,,,1.0
48.0,Licence,Design,25.0,Junior,,9.0,,1.0,0.0,1.0,1.0
23.0,Doctorat,Design,0.0,Intermédiaire,Tech,,73.0,1.0,0.0,0.0,1.0
50.0,Master,RH,,Junior,Tech,16.0,41.0,2.0,0.0,0.0,1.0
24.0,Doctorat,Design,0.0,,Santé,66.0,51.0,2.0,0.0,1.0,1.0
37.0,Licence,Marketing,11.0,Senior,Banque,61.0,24.0,1.0,0.0,0.0,0.0
,Master,Design,,Junior,Service,94.0,53.0,1.0,,0.0,1.0
23.0,Doctorat,Finance,0.0,Manager,Service,0.0,66.0,2.0,0.0,1.0,1.0
38.0,Licence,Finance,16.0,Senior,Tech,11.0,5.0,3.0,1.0,1.0,1.0
33.0,Licence,Ingénierie,10.0,Junior,Santé,3.0,57.0,1.0,1.0,0.0,1.0
22.0,Master,Informatique,0.0,Intermédiaire,Tech,41.0,,1.0,0.0,1.0,0.0
36.0,Master,Marketing,14.0,Junior,Education,12.0,52.0,1.0,0.0,1.0,1.0
47.0,Master,Ingénierie,25.0,Junior,Service,97.0,65.0,1.0,1.0,1.0,1.0
,Licence,Marketing,16.0,Junior,Industrie,84.0,57.0,1.0,,0.0,1.0
52.0,Master,Informatique,,,Education,85.0,81.0,1.0,1.0,0.0,0.0
46.0,Licence,Design,24.0,Manager,Tech,3.0,86.0,2.0,1.0,1.0,1.0
44.0,Licence,Design,20.0,Intermédiaire,Banque,81.0,1.0,1.0,0.0,1.0,1.0
45.0,Licence,Informatique,19.0,Junior,Service,68.0,75.0,1.0,1.0,0.0,1.0
49.0,Master,Ingénierie,25.0,Manager,Industrie,18.0,21.0,1.0,0.0,0.0,1.0
42.0,Master,Informatique,20.0,Manager,Education,1.0,36.0,1.0,0.0,0.0,1.0
39.0,Licence,RH,,Senior,Service,11.0,19.0,1.0,0.0,0.0,0.0
30.0,Licence,Finance,7.0,Intermédiaire,,80.0,23.0,1.0,0.0,0.0,0.0
51.0,Master,,29.0,Senior,Banque,73.0,83.0,2.0,1.0,0.0,0.0
53.0,Licence,Marketing,,Manager,Education,97.0,64.0,1.0,0.0,1.0,1.0
24.0,Master,RH,0.0,Manager,Santé,5.0,64.0,2.0,0.0,0.0,0.0
24.0,Licence,Ingénierie,2.0,Manager,Tech,7.0,80.0,3.0,0.0,1.0,1.0
,Licence,Informatique,27.0,Senior,Santé,50.0,0.0,1.0,1.0,0.0,1.0
36.0,Licence,Informatique,10.0,Intermédiaire,,10.0,93.0,1.0,1.0,0.0,0.0
44.0,Licence,,18.0,Junior,Education,62.0,2.0,1.0,1.0,0.0,0.0
32.0,Master,Informatique,6.0,,Tech,56.0,45.0,2.0,0.0,0.0,0.0
53.0,Licence,Marketing,28.0,Manager,Santé,11.0,54.0,3.0,0.0,,1.0
54.0,Licence,RH,28.0,Senior,,72.0,74.0,2.0,0.0,1.0,0.0
45.0,Master,Design,23.0,Manager,Tech,1.0,87.0,1.0,0.0,0.0,0.0
49.0,Licence,,23.0,Junior,,7.0,85.0,2.0,,0.0,1.0
28.0,Licence,Marketing,5.0,Junior,Service,10.0,63.0,1.0,0.0,0.0,1.0
25.0,,Marketing,0.0,Intermédiaire,Tech,52.0,44.0,1.0,0.0,1.0,0.0
22.0,Master,Design,0.0,Manager,Banque,99.0,25.0,1.0,1.0,1.0,1.0
22.0,Licence,Design,0.0,Intermédiaire,Education,9.0,76.0,1.0,0.0,0.0,1.0
41.0,Doctorat,,19.0,,Banque,84.0,64.0,2.0,0.0,1.0,1.0
40.0,Master,Finance,18.0,Junior,Service,83.0,23.0,1.0,0.0,1.0,1.0
50.0,,Design,26.0,Senior,Service,7.0,73.0,1.0,1.0,,0.0
31.0,Licence,Informatique,8.0,Senior,Industrie,35.0,34.0,1.0,1.0,0.0,1.0
39.0,Master,Marketing,15.0,Intermédiaire,Industrie,92.0,23.0,2.0,,1.0,1.0
49.0,Master,Ingénierie,26.0,Junior,Industrie,75.0,27.0,2.0,0.0,1.0,0.0
52.0,Licence,Finance,29.0,Manager,Tech,13.0,,1.0,1.0,0.0,1.0
48.0,Master,Finance,23.0,Senior,Santé,53.0,79.0,1.0,0.0,0.0,1.0
32.0,Master,Design,8.0,Intermédiaire,Service,84.0,15.0,1.0,0.0,0.0,0.0
26.0,Licence,,1.0,Senior,Banque,85.0,58.0,3.0,1.0,0.0,0.0
29.0,Licence,Ingénierie,6.0,Senior,Banque,20.0,250.0,1.0,0.0,1.0,1.0
33.0,Licence,Ingénierie,11.0,Manager,Banque,49.0,53.0,1.0,0.0,0.0,0.0
22.0,Master,Finance,0.0,Junior,Banque,93.0,78.0,1.0,0.0,1.0,1.0
52.0,Licence,Informatique,27.0,Manager,Industrie,38.0,15.0,1.0,0.0,1.0,0.0
25.0,Master,RH,1.0,Junior,Banque,19.0,14.0,2.0,1.0,0.0,0.0
26.0,Master,Ingénierie,2.0,Senior,Santé,87.0,97.0,1.0,0.0,0.0,1.0
51.0,Master,Finance,26.0,Intermédiaire,Industrie,86.0,10.0,1.0,0.0,0.0,1.0
45.0,Licence,Ingénierie,21.0,Manager,Banque,6.0,64.0,1.0,0.0,1.0,1.0
24.0,Master,RH,0.0,Junior,Tech,8.0,78.0,1.0,0.0,0.0,1.0
32.0,Licence,RH,10.0,Senior,Education,0.0,89.0,3.0,0.0,1.0,0.0
25.0,Master,Marketing,3.0,Junior,Education,25.0,67.0,,0.0,1.0,1.0
47.0,Licence,Design,25.0,Junior,Education,37.0,42.0,2.0,0.0,0.0,1.0
48.0,Licence,,24.0,Junior,Industrie,37.0,,2.0,0.0,1.0,0.0
48.0,Master,Finance,24.0,Senior,Banque,60.0,98.0,1.0,1.0,1.0,1.0
27.0,Licence,RH,4.0,Intermédiaire,Service,,12.0,1.0,0.0,0.0,0.0
36.0,Licence,Marketing,13.0,,Service,85.0,9.0,1.0,0.0,0.0,1.0
51.0,Master,Marketing,29.0,Intermédiaire,Service,43.0,74.0,2.0,0.0,1.0,1.0
44.0,Master,,,Junior,Industrie,73.0,81.0,1.0,0.0,1.0,1.0
27.0,Master,Ingénierie,4.0,Senior,Santé,61.0,97.0,1.0,1.0,0.0,1.0
25.0,Master,Marketing,2.0,Junior,Tech,5.0,40.0,1.0,1.0,0.0,1.0
39.0,Licence,Ingénierie,15.0,Intermédiaire,Tech,16.0,49.0,2.0,0.0,0.0,
30.0,Licence,,4.0,Intermédiaire,Education,,86.0,1.0,1.0,1.0,1.0
50.0,Licence,Informatique,28.0,Senior,Education,37.0,70.0,1.0,0.0,,0.0
34.0,Licence,RH,11.0,Junior,Service,23.0,58.0,1.0,0.0,0.0,1.0
38.0,Doctorat,Marketing,12.0,Manager,Service,50.0,38.0,1.0,0.0,1.0,1.0
53.0,Master,Marketing,27.0,Manager,Education,9.0,2.0,2.0,0.0,0.0,1.0
43.0,Licence,,21.0,Intermédiaire,Banque,71.0,,1.0,0.0,1.0,0.0
25.0,Licence,Ingénierie,0.0,Senior,Santé,20.0,6.0,2.0,1.0,0.0,1.0
26.0,Doctorat,Ingénierie,0.0,Junior,Santé,69.0,48.0,2.0,0.0,1.0,1.0
34.0,Licence,Design,8.0,Junior,Santé,84.0,25.0,1.0,1.0,0.0,0.0
43.0,Master,Marketing,20.0,Intermédiaire,Santé,56.0,,2.0,1.0,1.0,1.0
44.0,Licence,Finance,22.0,Intermédiaire,Education,38.0,100.0,,0.0,1.0,0.0
24.0,Master,Design,0.0,Junior,Tech,87.0,47.0,1.0,0.0,0.0,1.0
53.0,Licence,Ingénierie,27.0,Junior,Education,32.0,78.0,2.0,,0.0,0.0
42.0,Master,RH,19.0,Intermédiaire,Santé,58.0,1.0,1.0,1.0,0.0,1.0
42.0,Doctorat,Ingénierie,20.0,Junior,Education,17.0,70.0,2.0,0.0,0.0,0.0
32.0,Master,RH,8.0,Manager,Santé,55.0,31.0,1.0,0.0,1.0,0.0
25.0,Master,Design,2.0,Intermédiaire,Industrie,91.0,3.0,3.0,0.0,1.0,1.0
22.0,Doctorat,Marketing,0.0,Junior,Service,56.0,,1.0,0.0,0.0,0.0
49.0,Master,Ingénierie,23.0,Intermédiaire,Tech,,35.0,1.0,0.0,1.0,1.0
45.0,,RH,23.0,Senior,Industrie,75.0,31.0,1.0,0.0,1.0,0.0
34.0,Master,Marketing,12.0,Intermédiaire,Banque,47.0,27.0,2.0,0.0,1.0,1.0
32.0,Master,Finance,10.0,Intermédiaire,Education,41.0,76.0,2.0,0.0,0.0,1.0
38.0,Licence,RH,14.0,Senior,Banque,26.0,0.0,1.0,0.0,0.0,0.0
39.0,Master,Design,17.0,Manager,Education,73.0,59.0,2.0,0.0,0.0,0.0
43.0,Doctorat,Finance,19.0,Junior,Service,51.0,55.0,1.0,0.0,,1.0
45.0,Doctorat,Finance,19.0,Senior,Industrie,41.0,34.0,1.0,0.0,0.0,
40.0,Licence,Informatique,16.0,Intermédiaire,Service,31.0,29.0,2.0,0.0,0.0,1.0
42.0,Licence,,,Junior,Santé,25.0,53.0,2.0,,0.0,1.0
29.0,Doctorat,RH,,,Service,24.0,35.0,2.0,0.0,1.0,
49.0,Master,Finance,25.0,Junior,Service,74.0,54.0,2.0,0.0,0.0,0.0
26.0,Licence,Informatique,3.0,Junior,Santé,22.0,88.0,1.0,0.0,0.0,0.0
38.0,Doctorat,Design,13.0,Senior,Education,97.0,79.0,2.0,0.0,0.0,0.0
40.0,Master,Marketing,18.0,,Santé,56.0,,1.0,0.0,0.0,0.0
48.0,Licence,RH,23.0,Manager,Industrie,51.0,82.0,1.0,1.0,0.0,0.0
32.0,Master,Finance,,Senior,Service,86.0,64.0,1.0,1.0,0.0,1.0
33.0,Licence,Ingénierie,11.0,Manager,Santé,92.0,68.0,1.0,1.0,0.0,1.0
42.0,Licence,Informatique,16.0,Intermédiaire,Service,30.0,,1.0,1.0,0.0,1.0
32.0,Licence,Finance,,Junior,Industrie,63.0,21.0,1.0,0.0,0.0,0.0
49.0,Master,Ingénierie,27.0,Intermédiaire,Banque,70.0,87.0,1.0,0.0,0.0,1.0
26.0,Licence,Finance,,Intermédiaire,Industrie,32.0,100.0,1.0,0.0,1.0,1.0
38.0,Licence,RH,13.0,Junior,Tech,84.0,52.0,1.0,0.0,0.0,1.0
41.0,Licence,RH,17.0,Senior,Tech,1.0,99.0,1.0,0.0,0.0,0.0
33.0,Licence,RH,11.0,Junior,Tech,17.0,35.0,1.0,1.0,0.0,0.0
27.0,Doctorat,Design,1.0,Intermédiaire,Service,46.0,67.0,2.0,0.0,0.0,0.0
38.0,Licence,Design,,Intermédiaire,Education,32.0,35.0,2.0,0.0,,0.0
40.0,Licence,Informatique,16.0,Senior,Education,100.0,51.0,2.0,0.0,0.0,1.0
,Master,RH,24.0,Junior,Education,97.0,52.0,1.0,0.0,1.0,0.0
53.0,Licence,Ingénierie,31.0,Intermédiaire,,83.0,81.0,2.0,0.0,0.0,0.0
27.0,Licence,Finance,1.0,Manager,Industrie,34.0,,1.0,1.0,0.0,1.0
32.0,Licence,Marketing,8.0,Intermédiaire,Education,50.0,79.0,1.0,0.0,1.0,1.0
54.0,Licence,Ingénierie,30.0,Intermédiaire,Banque,17.0,40.0,1.0,1.0,1.0,1.0
45.0,Licence,Design,19.0,Senior,,87.0,17.0,2.0,0.0,0.0,1.0
44.0,Licence,Design,22.0,Manager,Industrie,71.0,21.0,1.0,1.0,0.0,1.0
36.0,,Ingénierie,13.0,Intermédiaire,Tech,29.0,65.0,,0.0,0.0,0.0
,Doctorat,Design,24.0,Intermédiaire,Education,43.0,20.0,1.0,0.0,0.0,1.0
32.0,Licence,RH,9.0,Manager,Industrie,52.0,99.0,2.0,0.0,0.0,1.0
38.0,Master,Informatique,13.0,Junior,Santé,9.0,43.0,2.0,1.0,0.0,1.0
35.0,Master,Finance,13.0,Junior,Banque,86.0,46.0,1.0,1.0,1.0,0.0
48.0,Licence,Informatique,23.0,Intermédiaire,Education,51.0,38.0,1.0,0.0,0.0,1.0
39.0,Master,Finance,14.0,Intermédiaire,Education,48.0,28.0,,0.0,0.0,
49.0,,Finance,24.0,Junior,Banque,,53.0,2.0,,0.0,1.0
25.0,Doctorat,Informatique,3.0,Senior,Banque,65.0,89.0,1.0,0.0,1.0,0.0
28.0,Licence,Ingénierie,6.0,Manager,Santé,57.0,84.0,,0.0,0.0,0.0
30.0,Licence,Finance,4.0,Manager,Education,89.0,16.0,1.0,0.0,1.0,1.0
29.0,,Informatique,6.0,Senior,Service,35.0,79.0,2.0,0.0,0.0,1.0
38.0,Doctorat,Finance,15.0,Senior,Education,32.0,59.0,1.0,1.0,,1.0
38.0,Licence,Marketing,12.0,Senior,Tech,46.0,30.0,1.0,1.0,0.0,0.0
54.0,Master,Ingénierie,28.0,Senior,Industrie,12.0,72.0,1.0,0.0,0.0,0.0
53.0,Licence,RH,28.0,Senior,Industrie,39.0,94.0,1.0,0.0,0.0,1.0
29.0,Master,Finance,3.0,Senior,Tech,88.0,,1.0,1.0,0.0,1.0
40.0,Licence,Marketing,16.0,Manager,Industrie,67.0,48.0,2.0,0.0,0.0,1.0
24.0,Master,RH,1.0,Senior,Banque,41.0,100.0,1.0,1.0,1.0,1.0
26.0,Licence,RH,0.0,Junior,Industrie,18.0,1.0,2.0,0.0,0.0,1.0
34.0,Licence,Finance,10.0,Senior,Industrie,81.0,47.0,2.0,0.0,0.0,1.0
52.0,Licence,Informatique,28.0,Senior,Tech,100.0,13.0,1.0,1.0,0.0,1.0
37.0,Licence,Finance,13.0,Manager,Santé,93.0,58.0,2.0,0.0,1.0,1.0
53.0,,Marketing,29.0,,Industrie,18.0,96.0,2.0,0.0,1.0,0.0
43.0,Licence,RH,18.0,Senior,Service,57.0,98.0,1.0,0.0,0.0,1.0
50.0,Master,Finance,26.0,Manager,Industrie,22.0,57.0,2.0,0.0,0.0,1.0
43.0,Licence,Informatique,18.0,Intermédiaire,Santé,53.0,,1.0,0.0,0.0,1.0
24.0,Licence,Finance,0.0,Manager,,79.0,50.0,1.0,1.0,1.0,1.0
31.0,Licence,Ingénierie,7.0,Manager,Santé,64.0,83.0,2.0,1.0,1.0,0.0
42.0,Licence,Informatique,19.0,,Tech,11.0,1.0,1.0,0.0,0.0,1.0
37.0,Master,Marketing,13.0,Manager,Banque,23.0,40.0,1.0,0.0,0.0,1.0
33.0,Licence,RH,9.0,Junior,,33.0,82.0,1.0,0.0,0.0,0.0
23.0,Licence,Finance,0.0,Junior,Banque,52.0,100.0,2.0,0.0,0.0,0.0
45.0,Master,Informatique,22.0,Junior,Banque,7.0,81.0,3.0,0.0,1.0,0.0
51.0,Doctorat,Ingénierie,29.0,Senior,Tech,17.0,15.0,1.0,1.0,0.0,1.0
51.0,Licence,Informatique,29.0,Senior,Service,56.0,3.0,2.0,0.0,0.0,1.0
40.0,Licence,Design,15.0,Intermédiaire,Education,4.0,11.0,3.0,1.0,1.0,1.0
29.0,Master,Ingénierie,4.0,Junior,Tech,25.0,28.0,1.0,0.0,1.0,0.0
47.0,Licence,Marketing,24.0,Senior,Industrie,29.0,6.0,1.0,0.0,0.0,1.0
28.0,Licence,RH,2.0,Manager,,53.0,13.0,2.0,0.0,1.0,0.0
51.0,,Marketing,29.0,Manager,Service,12.0,11.0,2.0,0.0,0.0,0.0
28.0,,Finance,3.0,Junior,Industrie,82.0,98.0,2.0,0.0,1.0,1.0
24.0,Master,Informatique,2.0,Intermédiaire,Education,28.0,4.0,1.0,1.0,1.0,1.0
22.0,Licence,Design,0.0,Intermédiaire,Service,2.0,80.0,1.0,0.0,,0.0
46.0,Licence,Ingénierie,,,Banque,89.0,31.0,1.0,,1.0,0.0
,Licence,Ingénierie,0.0,Intermédiaire,Education,57.0,73.0,1.0,0.0,1.0,0.0
36.0,Master,Informatique,10.0,Junior,Industrie,75.0,42.0,1.0,1.0,0.0,1.0
34.0,Licence,Design,11.0,Manager,Education,1.0,80.0,2.0,0.0,0.0,1.0
29.0,Licence,Informatique,4.0,Senior,,74.0,68.0,1.0,1.0,1.0,1.0
26.0,Master,Finance,4.0,Senior,Education,27.0,44.0,2.0,0.0,0.0,1.0
30.0,Licence,Marketing,6.0,Intermédiaire,Banque,81.0,8.0,1.0,1.0,0.0,1.0
22.0,Master,Ingénierie,0.0,Manager,Tech,76.0,48.0,1.0,1.0,1.0,0.0
23.0,Licence,Finance,0.0,Manager,Santé,100.0,32.0,1.0,0.0,1.0,1.0
44.0,Licence,,19.0,Senior,Industrie,85.0,99.0,,0.0,0.0,1.0
30.0,Licence,Finance,4.0,Manager,Industrie,75.0,99.0,1.0,0.0,0.0,0.0
,Master,Design,,Manager,Education,1.0,17.0,3.0,1.0,0.0,0.0
25.0,Master,,0.0,Manager,Service,100.0,8.0,2.0,0.0,0.0,0.0
51.0,Master,Informatique,29.0,Intermédiaire,Tech,,61.0,1.0,0.0,0.0,0.0
52.0,Licence,Informatique,27.0,Manager,Santé,25.0,56.0,1.0,0.0,1.0,1.0
32.0,Master,,6.0,Junior,Tech,89.0,28.0,3.0,0.0,0.0,1.0
29.0,Licence,RH,6.0,Intermédiaire,Industrie,87.0,77.0,1.0,1.0,0.0,1.0
24.0,Licence,Design,,Manager,Tech,75.0,24.0,1.0,0.0,0.0,1.0
35.0,Master,Marketing,11.0,Manager,Santé,15.0,14.0,1.0,0.0,1.0,1.0
34.0,Licence,RH,8.0,Junior,Service,22.0,5.0,3.0,,0.0,1.0
53.0,Licence,Finance,30.0,Intermédiaire,Education,39.0,41.0,1.0,0.0,0.0,0.0
40.0,Licence,Design,15.0,Senior,Banque,59.0,28.0,1.0,0.0,0.0,0.0
,Licence,Finance,14.0,Senior,Tech,72.0,78.0,3.0,0.0,0.0,1.0
23.0,Licence,Ingénierie,0.0,Intermédiaire,Banque,31.0,,1.0,0.0,0.0,0.0
38.0,Master,Design,12.0,Manager,Industrie,14.0,3.0,1.0,0.0,0.0,0.0
37.0,Licence,RH,14.0,Manager,Education,100.0,81.0,1.0,1.0,,1.0
23.0,Master,Ingénierie,0.0,Senior,Education,12.0,56.0,2.0,0.0,0.0,1.0
,Master,Informatique,0.0,Senior,Tech,4.0,48.0,1.0,0.0,0.0,0.0
47.0,Licence,RH,21.0,Senior,Service,74.0,43.0,4.0,0.0,0.0,
34.0,Licence,Marketing,8.0,Junior,Education,73.0,79.0,2.0,0.0,0.0,1.0
52.0,Licence,Informatique,28.0,Senior,Tech,51.0,74.0,1.0,1.0,0.0,0.0
24.0,Master,,0.0,Junior,Tech,76.0,13.0,4.0,0.0,0.0,0.0
29.0,Licence,Marketing,7.0,Intermédiaire,Banque,40.0,2.0,1.0,,0.0,1.0
,Master,Design,18.0,Manager,Education,52.0,61.0,1.0,0.0,1.0,0.0
35.0,Licence,Informatique,11.0,Senior,Tech,49.0,63.0,,0.0,0.0,0.0
48.0,Master,RH,25.0,Manager,Banque,14.0,44.0,1.0,0.0,0.0,1.0
50.0,Licence,Ingénierie,25.0,,Santé,6.0,81.0,1.0,0.0,0.0,1.0
22.0,Licence,Informatique,0.0,Senior,Banque,39.0,57.0,1.0,0.0,1.0,0.0
38.0,Doctorat,RH,13.0,Senior,Banque,27.0,19.0,1.0,1.0,1.0,0.0
51.0,Master,Finance,27.0,Intermédiaire,Tech,31.0,57.0,2.0,0.0,0.0,0.0
34.0,Licence,RH,12.0,Junior,Industrie,98.0,88.0,1.0,1.0,0.0,1.0
42.0,Master,Ingénierie,19.0,Junior,Industrie,14.0,56.0,,1.0,0.0,0.0
40.0,,RH,17.0,Manager,Service,99.0,76.0,1.0,0.0,0.0,1.0
40.0,Master,Marketing,17.0,Senior,Industrie,84.0,67.0,1.0,0.0,0.0,1.0
46.0,Master,Ingénierie,21.0,Intermédiaire,Banque,69.0,77.0,1.0,0.0,1.0,0.0
43.0,Licence,Design,19.0,Intermédiaire,Service,64.0,96.0,1.0,0.0,0.0,1.0
52.0,Licence,Finance,29.0,Intermédiaire,Tech,3.0,91.0,1.0,1.0,1.0,1.0
38.0,Licence,Marketing,15.0,Intermédiaire,Education,10.0,51.0,,0.0,0.0,1.0
44.0,Licence,Design,22.0,Intermédiaire,Banque,25.0,36.0,3.0,0.0,1.0,0.0
53.0,Master,RH,31.0,Junior,Banque,60.0,7.0,3.0,0.0,1.0,1.0
31.0,Licence,Ingénierie,7.0,Junior,Service,36.0,43.0,1.0,0.0,0.0,1.0
31.0,Licence,Finance,7.0,Junior,Tech,22.0,,2.0,0.0,0.0,1.0
29.0,Master,Marketing,3.0,Senior,Santé,92.0,4.0,1.0,1.0,0.0,0.0
41.0,Doctorat,Design,19.0,Manager,Banque,84.0,68.0,1.0,0.0,0.0,1.0
53.0,Licence,Design,27.0,Intermédiaire,Santé,90.0,30.0,2.0,1.0,0.0,0.0
35.0,Licence,Finance,10.0,Senior,Santé,,44.0,2.0,0.0,0.0,0.0
49.0,Licence,RH,23.0,Intermédiaire,Industrie,76.0,8.0,1.0,0.0,0.0,1.0
45.0,Licence,Finance,22.0,Junior,Tech,22.0,31.0,1.0,0.0,1.0,1.0
36.0,Doctorat,Design,10.0,Senior,Santé,15.0,32.0,1.0,0.0,0.0,1.0
43.0,Licence,Informatique,19.0,Junior,Tech,93.0,66.0,2.0,0.0,1.0,1.0
51.0,Master,Marketing,26.0,Intermédiaire,Industrie,60.0,29.0,1.0,1.0,,1.0
25.0,Licence,,2.0,Intermédiaire,,67.0,75.0,4.0,1.0,1.0,1.0
34.0,Master,,8.0,Manager,Banque,79.0,28.0,1.0,0.0,0.0,1.0
44.0,Master,RH,19.0,Intermédiaire,Santé,30.0,2.0,1.0,0.0,0.0,1.0
,Master,Design,4.0,Junior,Tech,52.0,89.0,1.0,0.0,1.0,1.0
39.0,Licence,,16.0,Intermédiaire,Education,24.0,,1.0,1.0,0.0,1.0
33.0,Licence,Finance,7.0,Manager,Tech,43.0,29.0,1.0,0.0,1.0,1.0
52.0,Licence,,27.0,Manager,Santé,11.0,8.0,2.0,1.0,0.0,1.0
35.0,Doctorat,Ingénierie,10.0,Junior,Industrie,89.0,25.0,2.0,0.0,0.0,1.0
39.0,Master,Ingénierie,17.0,Senior,Industrie,100.0,1.0,3.0,0.0,0.0,0.0
32.0,Master,Ingénierie,7.0,Intermédiaire,Santé,96.0,61.0,2.0,,1.0,0.0
33.0,Master,Informatique,11.0,Manager,Banque,91.0,2.0,2.0,0.0,0.0,1.0
36.0,Master,Finance,10.0,Intermédiaire,Banque,,45.0,1.0,0.0,1.0,0.0
52.0,Licence,,26.0,Intermédiaire,Industrie,11.0,67.0,2.0,0.0,1.0,0.0
50.0,Doctorat,Design,24.0,Senior,Industrie,68.0,24.0,1.0,0.0,0.0,1.0
47.0,Licence,Informatique,23.0,Manager,Santé,53.0,,1.0,0.0,0.0,0.0
39.0,Licence,RH,13.0,Intermédiaire,Banque,53.0,12.0,1.0,0.0,1.0,0.0
53.0,Licence,Informatique,28.0,Manager,Industrie,27.0,43.0,1.0,1.0,0.0,1.0
43.0,Licence,RH,20.0,Junior,Banque,55.0,34.0,,0.0,0.0,
38.0,Licence,RH,16.0,Junior,Industrie,98.0,54.0,3.0,1.0,,1.0
44.0,Master,Marketing,20.0,Intermédiaire,Tech,68.0,86.0,1.0,0.0,0.0,1.0
45.0,Licence,Design,19.0,Manager,Education,97.0,8.0,1.0,0.0,0.0,1.0
29.0,Master,Ingénierie,3.0,Intermédiaire,Service,97.0,1.0,1.0,0.0,0.0,1.0
27.0,Licence,RH,4.0,Manager,Tech,76.0,60.0,1.0,0.0,1.0,1.0
26.0,Licence,Marketing,3.0,Manager,Service,57.0,40.0,1.0,0.0,0.0,0.0
50.0,Licence,Design,26.0,,Industrie,77.0,43.0,1.0,1.0,0.0,0.0
49.0,Licence,Ingénierie,27.0,Senior,Education,74.0,63.0,1.0,0.0,1.0,1.0
32.0,Master,RH,6.0,Senior,Education,41.0,30.0,1.0,0.0,1.0,1.0
22.0,Licence,RH,0.0,Intermédiaire,Industrie,37.0,46.0,2.0,0.0,1.0,1.0
40.0,Master,Informatique,15.0,Senior,Industrie,67.0,1.0,2.0,1.0,0.0,1.0
30.0,Licence,Informatique,,Senior,Banque,52.0,95.0,1.0,1.0,1.0,1.0
48.0,Master,Design,24.0,Junior,Industrie,32.0,81.0,,0.0,0.0,1.0
25.0,Doctorat,Ingénierie,0.0,Manager,Santé,70.0,76.0,1.0,0.0,0.0,1.0
39.0,Master,RH,15.0,Manager,Industrie,55.0,68.0,2.0,0.0,0.0,0.0
36.0,Licence,Design,10.0,Senior,Santé,71.0,57.0,1.0,0.0,0.0,1.0
34.0,Licence,Design,11.0,Manager,Industrie,100.0,,1.0,0.0,1.0,0.0
40.0,Licence,Finance,16.0,Junior,Banque,50.0,73.0,2.0,0.0,0.0,1.0
27.0,Master,Informatique,1.0,Junior,Santé,73.0,55.0,1.0,0.0,1.0,1.0
33.0,Licence,Ingénierie,9.0,Senior,Tech,42.0,42.0,1.0,0.0,,1.0
38.0,Licence,RH,14.0,Junior,Santé,14.0,88.0,1.0,0.0,0.0,1.0
44.0,Master,Design,18.0,,Banque,37.0,33.0,3.0,1.0,0.0,1.0
47.0,Licence,RH,21.0,,Service,14.0,100.0,2.0,1.0,,1.0
50.0,Master,Finance,28.0,Manager,Santé,4.0,29.0,2.0,0.0,0.0,1.0
54.0,Licence,Ingénierie,30.0,Intermédiaire,Industrie,92.0,,1.0,0.0,0.0,1.0
48.0,Licence,Design,23.0,Senior,Industrie,82.0,69.0,1.0,0.0,1.0,1.0
46.0,Master,RH,22.0,Intermédiaire,Service,53.0,54.0,,0.0,0.0,1.0
120.0,,Informatique,7.0,Junior,Banque,50.0,66.0,3.0,1.0,0.0,0.0
44.0,Master,Finance,18.0,Manager,Education,9.0,12.0,1.0,0.0,1.0,1.0
42.0,Licence,Ingénierie,18.0,Intermédiaire,Industrie,11.0,2.0,2.0,1.0,0.0,1.0
42.0,,Finance,18.0,Manager,Tech,3.0,25.0,1.0,1.0,1.0,1.0
34.0,Master,Informatique,9.0,Senior,Banque,94.0,56.0,1.0,0.0,0.0,1.0
54.0,Master,Ingénierie,28.0,Senior,Santé,17.0,,2.0,0.0,0.0,1.0
45.0,Master,Finance,21.0,Junior,Santé,79.0,52.0,1.0,0.0,0.0,1.0
32.0,Licence,Marketing,9.0,Senior,Tech,999.0,69.0,3.0,0.0,0.0,1.0
38.0,Master,Informatique,16.0,Intermédiaire,,24.0,42.0,1.0,0.0,0.0,1.0
25.0,Licence,Informatique,0.0,Senior,Banque,86.0,59.0,1.0,0.0,1.0,0.0
46.0,Licence,Informatique,22.0,Junior,Tech,75.0,57.0,3.0,1.0,0.0,1.0
51.0,Doctorat,Marketing,28.0,Manager,Industrie,97.0,48.0,3.0,0.0,1.0,0.0
30.0,Licence,Marketing,6.0,Manager,Banque,35.0,41.0,1.0,0.0,0.0,0.0
,,RH,18.0,Senior,Santé,100.0,75.0,1.0,0.0,0.0,1.0
41.0,Licence,Design,15.0,,Banque,66.0,99.0,2.0,0.0,0.0,0.0
43.0,Licence,RH,21.0,Intermédiaire,Tech,23.0,53.0,2.0,1.0,0.0,1.0
24.0,Master,RH,0.0,Manager,Santé,5.0,64.0,2.0,0.0,0.0,0.0
36.0,Licence,Informatique,10.0,Intermédiaire,,10.0,93.0,1.0,1.0,0.0,0.0
30.0,,Ingénierie,4.0,Junior,Industrie,43.0,7.0,1.0,0.0,,1.0
23.0,Doctorat,Marketing,0.0,Junior,Education,68.0,94.0,1.0,1.0,1.0,0.0
49.0,Doctorat,,27.0,,Service,52.0,40.0,2.0,0.0,1.0,1.0
49.0,Licence,Ingénierie,26.0,Junior,Education,32.0,14.0,2.0,0.0,1.0,1.0
42.0,Master,Design,19.0,Junior,Banque,39.0,78.0,1.0,0.0,0.0,0.0
43.0,Licence,RH,18.0,Senior,Service,57.0,98.0,1.0,0.0,0.0,1.0
44.0,Licence,Finance,,Junior,,14.0,16.0,1.0,0.0,0.0,1.0
49.0,Master,Finance,25.0,Junior,Service,74.0,54.0,2.0,0.0,0.0,0.0
30.0,Master,Informatique,8.0,Intermédiaire,Tech,93.0,84.0,1.0,0.0,0.0,0.0
22.0,Licence,Ingénierie,0.0,Junior,Education,39.0,79.0,2.0,0.0,1.0,
36.0,Licence,Design,10.0,Senior,Santé,71.0,57.0,1.0,0.0,0.0,1.0
43.0,Licence,Informatique,19.0,Junior,Tech,93.0,66.0,2.0,0.0,1.0,1.0
53.0,Licence,Finance,30.0,Intermédiaire,Education,39.0,41.0,1.0,0.0,0.0,0.0
31.0,Master,Informatique,8.0,Manager,Banque,77.0,0.0,1.0,0.0,0.0,1.0
29.0,Licence,Informatique,4.0,Senior,,74.0,68.0,1.0,1.0,1.0,1.0
29.0,Licence,Ingénierie,6.0,Senior,Banque,20.0,80.0,1.0,0.0,1.0,1.0
32.0,Licence,Ingénierie,10.0,Manager,,17.0,83.0,2.0,0.0,,1.0
